# RQ2 | arrival-time statistics and tests
metric,value
"inline arrival median, cross (h)",0.2
"inline inside first hour, cross (%)",62.5
"inline arrival median, same (h)",5.4
"inline inside first hour, same (%)",21.3
"inline arrival median, human (h)",12.6
"inline inside first hour, human (%)",24
inline arrival Kruskal-Wallis H,"1,475.2"
inline arrival KW p,0.0e+00
inline arrival |r| cross vs same,0.49
inline arrival |r| cross vs human,0.49
"inline tail >24h, human (%)",37.5
"inline tail >24h, same (%)",29.7
"inline tail >24h, cross (%)",17.3
"summary arrival median, cross (h)",0.1
"summary inside first hour, cross (%)",70.1
"summary arrival median, same (h)",1.2
"summary inside first hour, same (%)",48.7
"summary arrival median, human (h)",6.7
"summary inside first hour, human (%)",28.4
summary arrival Kruskal-Wallis H,"1,734.7"
summary arrival KW p,0.0e+00
summary arrival |r| cross vs same,0.43
summary arrival |r| cross vs human,0.57
"comment arrival on Copilot PRs, cross (h)",74.8
"comment arrival on Copilot PRs, same (h)",5.2
