# RQ2 | same-system inline-comment sample, 364 units, adjudicated function code
comment_id,rtype,author,code
2203902142,Self-review,Copilot,Change acknowledgment
2193424888,Self-review,Copilot,Change acknowledgment
2192184818,Self-review,Copilot,Change acknowledgment
2239575536,Self-review,Copilot,Change acknowledgment
2207865357,Self-review,Copilot,Change acknowledgment
2097895212,Self-review,Copilot,Change acknowledgment
2145306004,Self-review,Copilot,Change acknowledgment
2108897602,Self-review,Copilot,Improvement suggestion
2180948519,Self-review,Copilot,Change acknowledgment
2106077813,Self-review,Copilot,Improvement suggestion
2233010506,Self-review,Copilot,Code-issue feedback
2210760658,Self-review,Copilot,Improvement suggestion
2203902186,Self-review,Copilot,Change acknowledgment
2141533054,Self-review,Copilot,Change acknowledgment
2132221951,Self-review,Copilot,Change acknowledgment
2116594595,Self-review,Copilot,Workflow/verification report
2190595430,Self-review,Copilot,Response to feedback
2217138559,Self-review,Copilot,Improvement suggestion
2134432826,Self-review,Copilot,Response to feedback
2190994384,Self-review,Copilot,Change acknowledgment
2136551520,Self-review,Copilot,Response to feedback
2134454967,Self-review,Copilot,Change acknowledgment
2103490941,Self-review,Copilot,Change acknowledgment
2151046112,Self-review,Copilot,Response to feedback
2210620828,Self-review,Copilot,Change acknowledgment
2183135144,Self-review,Copilot,Change acknowledgment
2104200966,Self-review,Copilot,Explanation
2203221645,Self-review,Copilot,Change acknowledgment
2103665938,Self-review,Copilot,Change acknowledgment
2140739066,Self-review,Copilot,Change acknowledgment
2103634050,Self-review,Copilot,Change acknowledgment
2203947359,Self-review,Copilot,Change acknowledgment
2144368221,Self-review,Copilot,Improvement suggestion
2159746241,Self-review,Copilot,Change acknowledgment
2156167374,Self-review,Copilot,Response to feedback
2125193667,Self-review,Copilot,Change acknowledgment
2167527181,Self-review,Copilot,Change acknowledgment
2206424983,Self-review,Copilot,Change acknowledgment
2174790160,Self-review,Copilot,Improvement suggestion
2138304107,Self-review,Copilot,Change acknowledgment
2181463594,Self-review,Copilot,Response to feedback
2105900508,Self-review,Copilot,Change acknowledgment
2216929528,Self-review,Copilot,Change acknowledgment
2216507434,Self-review,Copilot,Change acknowledgment
2141258355,Self-review,Copilot,Change acknowledgment
2174609546,Self-review,Copilot,Change acknowledgment
2195594186,Self-review,Copilot,Response to feedback
2198923971,Self-review,Copilot,Change acknowledgment
2096533496,Self-review,Copilot,Response to feedback
2203408506,Self-review,Copilot,Change acknowledgment
2247655655,Self-review,Copilot,Change acknowledgment
2130425511,Self-review,Copilot,Change acknowledgment
2133639928,Self-review,Copilot,Response to feedback
2096533766,Self-review,Copilot,Change acknowledgment
2145592977,Self-review,Copilot,Change acknowledgment
2138536151,Self-review,Copilot,Change acknowledgment
2097900982,Self-review,Copilot,Response to feedback
2247654660,Self-review,Copilot,Change acknowledgment
2198376630,Self-review,Copilot,Change acknowledgment
2216154829,Self-review,Copilot,Response to feedback
2113030468,Self-review,Copilot,Response to feedback
2116126683,Self-review,Copilot,Change acknowledgment
2101020161,Self-review,Copilot,Response to feedback
2216378493,Self-review,Copilot,Response to feedback
2247412130,Self-review,Copilot,Response to feedback
2172265802,Self-review,Copilot,Change acknowledgment
2096621608,Self-review,Copilot,Change acknowledgment
2103309624,Self-review,Copilot,Change acknowledgment
2241838188,Self-review,Copilot,Change acknowledgment
2106281768,Self-review,Copilot,Response to feedback
2169907632,Self-review,Copilot,Response to feedback
2178022223,Self-review,Copilot,Response to feedback
2213821016,Self-review,Copilot,Improvement suggestion
2146430687,Self-review,Copilot,Response to feedback
2147400737,Self-review,Copilot,Change acknowledgment
2169838027,Self-review,Copilot,Clarification/question
2184736682,Self-review,Copilot,Change acknowledgment
2103584791,Self-review,Copilot,Response to feedback
2201515123,Self-review,Copilot,Change acknowledgment
2141308032,Self-review,Copilot,Change acknowledgment
2209079662,Self-review,Copilot,Change acknowledgment
2167418294,Self-review,Copilot,Change acknowledgment
2132676184,Self-review,Copilot,Change acknowledgment
2141325427,Self-review,Copilot,Change acknowledgment
2124845515,Self-review,Copilot,Response to feedback
2151886009,Self-review,Copilot,Change acknowledgment
2203945766,Self-review,Copilot,Change acknowledgment
2196854634,Self-review,Copilot,Change acknowledgment
2180673769,Self-review,Copilot,Explanation
2238540470,Self-review,Copilot,Response to feedback
2114771541,Self-review,Copilot,Change acknowledgment
2176167268,Self-review,Copilot,Change acknowledgment
2197370719,Self-review,Copilot,Change acknowledgment
2130431288,Self-review,Copilot,Change acknowledgment
2193248128,Self-review,Copilot,Change acknowledgment
2203165334,Self-review,Copilot,Change acknowledgment
2101785568,Self-review,Copilot,Change acknowledgment
2185581305,Self-review,Copilot,Response to feedback
2141258544,Self-review,Copilot,Change acknowledgment
2096287787,Self-review,Copilot,Change acknowledgment
2098714852,Self-review,Copilot,Explanation
2206425126,Self-review,Copilot,Response to feedback
2136127012,Self-review,Copilot,Response to feedback
2181896430,Self-review,Copilot,Explanation
2127468310,Self-review,Copilot,Change acknowledgment
2140035203,Self-review,Copilot,Response to feedback
2106281660,Self-review,Copilot,Change acknowledgment
2175114652,Self-review,Copilot,Change acknowledgment
2116871958,Self-review,Copilot,Change acknowledgment
2182889926,Self-review,Copilot,Change acknowledgment
2177482279,Self-review,Copilot,Change acknowledgment
2121805824,Self-review,Copilot,Response to feedback
2141302180,Self-review,Copilot,Change acknowledgment
2176123703,Self-review,Copilot,Change acknowledgment
2169117394,Self-review,Copilot,Change acknowledgment
2171332636,Self-review,Copilot,Change acknowledgment
2102358900,Self-review,Copilot,Response to feedback
2144273274,Self-review,Copilot,Explanation
2097961769,Self-review,Copilot,Change acknowledgment
2198725305,Self-review,Copilot,Change acknowledgment
2225093424,Self-review,Copilot,Response to feedback
2136796277,Self-review,Copilot,Response to feedback
2232886954,Self-review,Copilot,Change acknowledgment
2242660415,Self-review,Copilot,Change acknowledgment
2237353256,Self-review,Copilot,Change acknowledgment
2188120244,Self-review,Copilot,Change acknowledgment
2184558750,Self-review,Copilot,Improvement suggestion
2150938753,Self-review,Copilot,Response to feedback
2202219461,Self-review,Copilot,Change acknowledgment
2143138675,Self-review,Copilot,Change acknowledgment
2242566822,Self-review,Copilot,Improvement suggestion
2101032236,Self-review,Copilot,Change acknowledgment
2210760612,Self-review,Copilot,Improvement suggestion
2136264908,Self-review,Copilot,Improvement suggestion
2145525829,Self-review,Copilot,Change acknowledgment
2115135319,Self-review,Copilot,Change acknowledgment
2099218458,Self-review,Copilot,Response to feedback
2121216264,Self-review,Copilot,Change acknowledgment
2199495480,Self-review,Copilot,Response to feedback
2131349722,Self-review,Copilot,Change acknowledgment
2132991314,Self-review,Copilot,Response to feedback
2169846551,Self-review,Copilot,Change acknowledgment
2213716300,Self-review,Copilot,Change acknowledgment
2116491570,Self-review,Copilot,Change acknowledgment
2223474464,Self-review,Copilot,Response to feedback
2106339834,Self-review,Copilot,Change acknowledgment
2200879573,Self-review,Copilot,Change acknowledgment
2138568653,Self-review,Copilot,Response to feedback
2209781262,Self-review,Copilot,Change acknowledgment
2103269564,Self-review,Copilot,Workflow/verification report
2183414190,Self-review,Copilot,Change acknowledgment
2115687928,Self-review,Copilot,Improvement suggestion
2101076786,Self-review,Copilot,Change acknowledgment
2239315738,Self-review,Copilot,Change acknowledgment
2140448104,Self-review,Copilot,Change acknowledgment
2201497447,Self-review,Copilot,Response to feedback
2211345436,Self-review,Copilot,Change acknowledgment
2190949521,Self-review,Copilot,Change acknowledgment
2173798789,Self-review,Copilot,Change acknowledgment
2148222066,Self-review,Copilot,Change acknowledgment
2104039927,Self-review,Copilot,Change acknowledgment
2242605118,Self-review,Copilot,Change acknowledgment
2103054196,Self-review,Copilot,Change acknowledgment
2199379932,Self-review,Copilot,Change acknowledgment
2241679417,Self-review,Copilot,Response to feedback
2217302006,Self-review,Copilot,Change acknowledgment
2201215853,Self-review,Copilot,Change acknowledgment
2132898638,Self-review,Copilot,Change acknowledgment
2102914468,Self-review,Copilot,Change acknowledgment
2129194671,Self-review,Copilot,Response to feedback
2138265835,Self-review,Copilot,Explanation
2139561741,Self-review,Copilot,Explanation
2150419301,Self-review,Copilot,Change acknowledgment
2217138564,Self-review,Copilot,Improvement suggestion
2176337139,Self-review,Copilot,Change acknowledgment
2143658391,Self-review,Copilot,Change acknowledgment
2167527290,Self-review,Copilot,Change acknowledgment
2225188077,Self-review,Copilot,Response to feedback
2116887853,Self-review,Copilot,Change acknowledgment
2183785785,Self-review,Copilot,Response to feedback
2213002713,Self-review,Copilot,Change acknowledgment
2204892447,Self-review,Copilot,Change acknowledgment
2237645443,Self-review,Copilot,Change acknowledgment
2178148853,Self-review,Copilot,Change acknowledgment
2101082962,Self-review,Copilot,Change acknowledgment
2183654908,Self-review,Copilot,Change acknowledgment
2097276063,Self-review,Copilot,Improvement suggestion
2157372823,Self-review,Copilot,Response to feedback
2173529715,Self-review,Copilot,Change acknowledgment
2192118659,Self-review,Copilot,Change acknowledgment
2154770819,Self-review,Copilot,Response to feedback
2173096748,Self-review,Copilot,Change acknowledgment
2232554225,Self-review,Copilot,Response to feedback
2151802006,Self-review,Copilot,Change acknowledgment
2137955774,Self-review,Copilot,Change acknowledgment
2180104137,Self-review,Copilot,Change acknowledgment
2116887445,Self-review,Copilot,Change acknowledgment
2225664591,Self-review,Copilot,Response to feedback
2157433414,Self-review,Copilot,Response to feedback
2217283115,Self-review,Copilot,Response to feedback
2124399975,Self-review,Copilot,Response to feedback
2102055257,Self-review,Copilot,Change acknowledgment
2238547000,Self-review,Copilot,Change acknowledgment
2196341092,Self-review,Copilot,Response to feedback
2150704560,Self-review,Copilot,Change acknowledgment
2205830813,Self-review,Copilot,Change acknowledgment
2106077811,Self-review,Copilot,Improvement suggestion
2143809717,Self-review,Copilot,Change acknowledgment
2145547867,Self-review,Copilot,Change acknowledgment
2210062397,Self-review,Copilot,Change acknowledgment
2166316206,Self-review,Copilot,Response to feedback
2112073126,Self-review,Copilot,Change acknowledgment
2201556241,Self-review,Copilot,Change acknowledgment
2191282819,Self-review,Copilot,Change acknowledgment
2202282846,Self-review,Copilot,Change acknowledgment
2210180136,Self-review,Copilot,Change acknowledgment
2181169969,Self-review,Copilot,Change acknowledgment
2173826865,Self-review,Copilot,Change acknowledgment
2238860589,Self-review,Copilot,Response to feedback
2237788198,Self-review,Copilot,Change acknowledgment
2241783068,Self-review,Copilot,Change acknowledgment
2127417067,Self-review,Copilot,Response to feedback
2167603678,Self-review,Copilot,Change acknowledgment
2158299797,Self-review,Copilot,Change acknowledgment
2203112950,Self-review,Copilot,Change acknowledgment
2136882747,Self-review,Copilot,Change acknowledgment
2180548274,Self-review,Copilot,Response to feedback
2103198575,Self-review,Copilot,Change acknowledgment
2230020723,Self-review,Copilot,Explanation
2176157979,Self-review,Copilot,Change acknowledgment
2204361786,Self-review,Copilot,Workflow/verification report
2225536382,Self-review,Copilot,Change acknowledgment
2102948097,Self-review,Copilot,Change acknowledgment
2193874677,Self-review,Copilot,Change acknowledgment
2181813506,Self-review,Copilot,Improvement suggestion
2097869492,Self-review,Copilot,Change acknowledgment
2191865989,Self-review,Copilot,Change acknowledgment
2101157334,Self-review,Copilot,Response to feedback
2158299735,Self-review,Copilot,Change acknowledgment
2235788983,Self-review,Copilot,Change acknowledgment
2188515191,Self-review,Copilot,Response to feedback
2174071468,Self-review,Copilot,Response to feedback
2135740008,Self-review,Copilot,Response to feedback
2212382668,Self-review,Copilot,Change acknowledgment
2148582095,Self-review,Copilot,Improvement suggestion
2103473740,Self-review,Copilot,Change acknowledgment
2116901608,Self-review,Copilot,Change acknowledgment
2109559333,Self-review,Copilot,Change acknowledgment
2146978522,Self-review,Copilot,Change acknowledgment
2143131090,Self-review,Copilot,Change acknowledgment
2100010779,Self-review,Copilot,Response to feedback
2125735111,Self-review,Copilot,Change acknowledgment
2210085193,Self-review,Copilot,Change acknowledgment
2169216502,Self-review,Copilot,Change acknowledgment
2138552633,Self-review,Copilot,Change acknowledgment
2154762085,Self-review,Copilot,Response to feedback
2180650377,Self-review,Copilot,Change acknowledgment
2157734439,Self-review,Copilot,Response to feedback
2182964364,Self-review,Copilot,Change acknowledgment
2136870277,Self-review,Copilot,Explanation
2138702666,Self-review,Copilot,Response to feedback
2178318638,Self-review,Copilot,Response to feedback
2146099577,Self-review,Copilot,Change acknowledgment
2100826514,Self-review,Copilot,Change acknowledgment
2195364485,Self-review,Copilot,Response to feedback
2203473782,Self-review,Copilot,Change acknowledgment
2145561502,Self-review,Copilot,Response to feedback
2173620225,Self-review,Copilot,Change acknowledgment
2102056569,Self-review,Copilot,Change acknowledgment
2118881181,Self-review,Copilot,Change acknowledgment
2126470547,Self-review,Copilot,Response to feedback
2145592661,Self-review,Copilot,Response to feedback
2164232457,Self-review,Copilot,Response to feedback
2196932790,Self-review,Copilot,Change acknowledgment
2213064292,Self-review,Copilot,Change acknowledgment
2174913455,Self-review,Copilot,Change acknowledgment
2180471157,Self-review,Copilot,Response to feedback
2116797916,Self-review,Copilot,Change acknowledgment
2160581274,Self-review,Copilot,Change acknowledgment
2113723264,Self-review,Copilot,Change acknowledgment
2154524131,Self-review,Copilot,Change acknowledgment
2181007276,Self-review,Copilot,Change acknowledgment
2141268103,Self-review,Copilot,Change acknowledgment
2146242437,Self-review,Copilot,Response to feedback
2096551928,Self-review,Copilot,Change acknowledgment
2164857991,Self-review,Copilot,Change acknowledgment
2238930628,Self-review,Copilot,Change acknowledgment
2107146389,Self-review,Copilot,Change acknowledgment
2203944660,Self-review,Copilot,Response to feedback
2175730124,Self-review,Copilot,Change acknowledgment
2102029075,Self-review,Copilot,Improvement suggestion
2201364109,Self-review,Copilot,Improvement suggestion
2180832960,Self-review,Copilot,Improvement suggestion
2183028140,Self-review,Copilot,Change acknowledgment
2199960414,Self-review,Copilot,Change acknowledgment
2138310757,Self-review,Copilot,Change acknowledgment
2216480847,Self-review,Copilot,Improvement suggestion
2195843650,Self-review,Copilot,Change acknowledgment
2209266394,Self-review,Copilot,Response to feedback
2230636622,Self-review,Copilot,Change acknowledgment
2130426337,Self-review,Copilot,Change acknowledgment
2247991114,Self-review,Copilot,Response to feedback
2139153268,Self-review,Copilot,Response to feedback
2144843896,Self-review,Copilot,Response to feedback
2114184021,Self-review,Copilot,Change acknowledgment
2120865552,Self-review,Copilot,Change acknowledgment
2174071489,Self-review,Copilot,Response to feedback
2242176697,Self-review,Copilot,Response to feedback
2173531832,Self-review,Copilot,Change acknowledgment
2183795323,Self-review,Copilot,Response to feedback
2139128179,Self-review,Copilot,Change acknowledgment
2239577267,Self-review,Copilot,Change acknowledgment
2106781172,Self-review,Copilot,Improvement suggestion
2117094825,Self-review,Copilot,Change acknowledgment
2097276075,Self-review,Copilot,Improvement suggestion
2153398662,Self-review,Copilot,Change acknowledgment
2216579314,Self-review,Copilot,Change acknowledgment
2117073623,Self-review,Copilot,Change acknowledgment
2157390046,Self-review,Copilot,Response to feedback
2145345087,Self-review,Copilot,Response to feedback
2132580336,Self-review,Copilot,Change acknowledgment
2202359744,Self-review,Copilot,Change acknowledgment
2159635783,Self-review,Copilot,Change acknowledgment
2227471721,Self-review,Copilot,Change acknowledgment
2136562831,Self-review,Copilot,Response to feedback
2102204284,Self-review,Copilot,Change acknowledgment
2202861499,Self-review,Copilot,Change acknowledgment
2173968021,Self-review,Copilot,Change acknowledgment
2151335418,Self-review,Copilot,Explanation
2241592857,Self-review,Copilot,Change acknowledgment
2139010874,Self-review,Copilot,Change acknowledgment
2179385152,Self-review,Copilot,Change acknowledgment
2127980732,Self-review,Copilot,Response to feedback
2105884004,Self-review,Copilot,Response to feedback
2100918489,Self-review,Copilot,Change acknowledgment
2179233498,Self-review,Copilot,Change acknowledgment
2141364532,Self-review,Copilot,Change acknowledgment
2149985599,Self-review,Copilot,Change acknowledgment
2128591196,Self-review,Copilot,Change acknowledgment
2179154398,Self-review,Copilot,Change acknowledgment
2097962020,Self-review,Copilot,Change acknowledgment
2139142133,Self-review,Copilot,Change acknowledgment
2102172820,Self-review,Copilot,Change acknowledgment
2232841170,Self-review,Copilot,Change acknowledgment
2209155307,Self-review,Copilot,Change acknowledgment
2138775312,Self-review,Copilot,Explanation
2106091938,Self-review,Copilot,Change acknowledgment
2181136647,Self-review,Copilot,Change acknowledgment
2234582825,Self-review,Copilot,Response to feedback
2116110004,Self-review,Copilot,Change acknowledgment
2113699461,Self-review,Copilot,Change acknowledgment
2174723760,Self-review,Copilot,Change acknowledgment
2182770946,Self-review,Copilot,Change acknowledgment
2199225190,Self-review,Copilot,Workflow/verification report
2180113756,Self-review,Copilot,Response to feedback
2169491090,Self-review,Copilot,Change acknowledgment
2104750395,Self-review,Copilot,Change acknowledgment
2131907095,Self-review,Copilot,Change acknowledgment
2227229905,Self-review,Copilot,Change acknowledgment
2180944349,Self-review,Copilot,Improvement suggestion
2193469113,Self-review,Copilot,Change acknowledgment
2169865807,Self-review,Copilot,Response to feedback
2114888926,Self-review,Copilot,Response to feedback
2157346879,Self-review,Copilot,Response to feedback
