# RQ2 | same-system summary sample, 275 units, label column summary_code
review_id,pr_id,user,user_type,state,submitted_at,reviewer_system,authoring_agent,actor_kind,summary_code
2852009275,3074963659,copilot-pull-request-reviewer[bot],Bot,COMMENTED,2025-05-19T21:11:53Z,Copilot,Copilot,same-system,change overview
2852459483,3075506913,copilot-pull-request-reviewer[bot],Bot,COMMENTED,2025-05-20T03:45:00Z,Copilot,Copilot,same-system,change overview
2855537223,3078160044,copilot-pull-request-reviewer[bot],Bot,COMMENTED,2025-05-20T20:39:28Z,Copilot,Copilot,same-system,change overview
2857956911,3079967973,copilot-pull-request-reviewer[bot],Bot,COMMENTED,2025-05-21T14:25:47Z,Copilot,Copilot,same-system,change overview
2858789144,3081082136,copilot-pull-request-reviewer[bot],Bot,COMMENTED,2025-05-21T18:45:43Z,Copilot,Copilot,same-system,change overview
2872976444,3081563114,copilot-pull-request-reviewer[bot],Bot,COMMENTED,2025-05-27T23:10:30Z,Copilot,Copilot,same-system,change overview
2859407736,3081626335,copilot-pull-request-reviewer[bot],Bot,COMMENTED,2025-05-21T23:54:33Z,Copilot,Copilot,same-system,review unavailable
2866718015,3081636071,copilot-pull-request-reviewer[bot],Bot,COMMENTED,2025-05-25T04:02:55Z,Copilot,Copilot,same-system,change overview
2859576054,3081816195,copilot-pull-request-reviewer[bot],Bot,COMMENTED,2025-05-22T02:15:30Z,Copilot,Copilot,same-system,change overview
2859759887,3081925002,copilot-pull-request-reviewer[bot],Bot,COMMENTED,2025-05-22T04:53:23Z,Copilot,Copilot,same-system,change overview
2861088093,3081992708,copilot-pull-request-reviewer[bot],Bot,COMMENTED,2025-05-22T12:45:15Z,Copilot,Copilot,same-system,change overview
2863739168,3082070083,copilot-pull-request-reviewer[bot],Bot,COMMENTED,2025-05-23T09:01:30Z,Copilot,Copilot,same-system,change overview
2861863274,3082171819,copilot-pull-request-reviewer[bot],Bot,COMMENTED,2025-05-22T16:21:36Z,Copilot,Copilot,same-system,change overview
2874906394,3083360457,copilot-pull-request-reviewer[bot],Bot,COMMENTED,2025-05-28T12:52:11Z,Copilot,Copilot,same-system,change overview
2861928883,3083983210,copilot-pull-request-reviewer[bot],Bot,COMMENTED,2025-05-22T16:47:29Z,Copilot,Copilot,same-system,review unavailable
2864471618,3085705530,copilot-pull-request-reviewer[bot],Bot,COMMENTED,2025-05-23T13:41:16Z,Copilot,Copilot,same-system,review unavailable
2869930457,3092376084,copilot-pull-request-reviewer[bot],Bot,COMMENTED,2025-05-27T07:28:13Z,Copilot,Copilot,same-system,change overview
2870307670,3093146032,copilot-pull-request-reviewer[bot],Bot,COMMENTED,2025-05-27T09:11:38Z,Copilot,Copilot,same-system,review unavailable
2876888434,3098938231,copilot-pull-request-reviewer[bot],Bot,COMMENTED,2025-05-29T02:44:51Z,Copilot,Copilot,same-system,change overview
2878023025,3100043959,copilot-pull-request-reviewer[bot],Bot,COMMENTED,2025-05-29T11:50:18Z,Copilot,Copilot,same-system,change overview
2881567814,3103408529,copilot-pull-request-reviewer[bot],Bot,COMMENTED,2025-05-30T14:38:05Z,Copilot,Copilot,same-system,change overview
2882035590,3103650370,copilot-pull-request-reviewer[bot],Bot,COMMENTED,2025-05-30T17:56:24Z,Copilot,Copilot,same-system,change overview
2893984324,3104405109,copilot-pull-request-reviewer[bot],Bot,COMMENTED,2025-06-03T20:10:01Z,Copilot,Copilot,same-system,change overview
2883722488,3105161001,copilot-pull-request-reviewer[bot],Bot,COMMENTED,2025-05-31T08:52:56Z,Copilot,Copilot,same-system,change overview
2884014177,3105314423,copilot-pull-request-reviewer[bot],Bot,COMMENTED,2025-05-31T12:15:49Z,Copilot,Copilot,same-system,change overview
2886597733,3108299845,copilot-pull-request-reviewer[bot],Bot,COMMENTED,2025-06-02T03:40:21Z,Copilot,Copilot,same-system,change overview
2887741163,3109359968,copilot-pull-request-reviewer[bot],Bot,COMMENTED,2025-06-02T10:27:12Z,Copilot,Copilot,same-system,change overview
2889662403,3111046542,copilot-pull-request-reviewer[bot],Bot,COMMENTED,2025-06-02T19:22:15Z,Copilot,Copilot,same-system,change overview
2889756541,3111380264,copilot-pull-request-reviewer[bot],Bot,COMMENTED,2025-06-02T19:58:05Z,Copilot,Copilot,same-system,change overview
2890358420,3112095151,copilot-pull-request-reviewer[bot],Bot,COMMENTED,2025-06-03T02:03:38Z,Copilot,Copilot,same-system,change overview
2891461931,3113006799,copilot-pull-request-reviewer[bot],Bot,COMMENTED,2025-06-03T09:20:14Z,Copilot,Copilot,same-system,change overview
2894744651,3113874849,cursor[bot],Bot,COMMENTED,2025-06-04T02:38:23Z,Cursor,Cursor,same-system,approval verdict
2894489271,3115119469,copilot-pull-request-reviewer[bot],Bot,COMMENTED,2025-06-04T00:35:46Z,Copilot,Copilot,same-system,change overview
2897772971,3115119469,copilot-pull-request-reviewer[bot],Bot,COMMENTED,2025-06-04T18:52:45Z,Copilot,Copilot,same-system,change overview
2895711907,3116843799,copilot-pull-request-reviewer[bot],Bot,COMMENTED,2025-06-04T08:02:29Z,Copilot,Copilot,same-system,change overview
2900541983,3117952456,copilot-pull-request-reviewer[bot],Bot,COMMENTED,2025-06-05T14:16:44Z,Copilot,Copilot,same-system,change overview
2914946232,3117952456,copilot-pull-request-reviewer[bot],Bot,COMMENTED,2025-06-10T20:23:36Z,Copilot,Copilot,same-system,change overview
2914394347,3119512382,copilot-pull-request-reviewer[bot],Bot,COMMENTED,2025-06-10T17:03:40Z,Copilot,Copilot,same-system,change overview
2909460384,3119829512,copilot-pull-request-reviewer[bot],Bot,COMMENTED,2025-06-09T09:17:02Z,Copilot,Copilot,same-system,change overview
2898903337,3119857154,copilot-pull-request-reviewer[bot],Bot,COMMENTED,2025-06-05T05:18:38Z,Copilot,Copilot,same-system,change overview
2900450185,3121322997,cursor[bot],Bot,COMMENTED,2025-06-05T13:54:43Z,Cursor,Cursor,same-system,approval verdict
2905067576,3122455352,copilot-pull-request-reviewer[bot],Bot,COMMENTED,2025-06-06T14:15:08Z,Copilot,Copilot,same-system,change overview
2902613436,3122792815,copilot-pull-request-reviewer[bot],Bot,COMMENTED,2025-06-05T22:05:27Z,Copilot,Copilot,same-system,change overview
2904699556,3124498441,copilot-pull-request-reviewer[bot],Bot,COMMENTED,2025-06-06T11:55:49Z,Copilot,Copilot,same-system,change overview
2904823437,3124649893,copilot-pull-request-reviewer[bot],Bot,COMMENTED,2025-06-06T12:48:46Z,Copilot,Copilot,same-system,review unavailable
2904839543,3124649893,copilot-pull-request-reviewer[bot],Bot,COMMENTED,2025-06-06T12:55:19Z,Copilot,Copilot,same-system,change overview
2910971158,3124835441,copilot-pull-request-reviewer[bot],Bot,COMMENTED,2025-06-09T18:42:31Z,Copilot,Copilot,same-system,change overview
2906248739,3125834113,copilot-pull-request-reviewer[bot],Bot,COMMENTED,2025-06-06T21:58:35Z,Copilot,Copilot,same-system,change overview
2906263116,3125954430,copilot-pull-request-reviewer[bot],Bot,COMMENTED,2025-06-06T22:11:10Z,Copilot,Copilot,same-system,change overview
2906400737,3125996513,copilot-pull-request-reviewer[bot],Bot,COMMENTED,2025-06-06T23:15:34Z,Copilot,Copilot,same-system,change overview
2908011123,3127781810,copilot-pull-request-reviewer[bot],Bot,COMMENTED,2025-06-08T01:39:04Z,Copilot,Copilot,same-system,change overview
2910427859,3130631260,cursor[bot],Bot,COMMENTED,2025-06-09T15:23:23Z,Cursor,Cursor,same-system,findings digest
2914638983,3131468667,copilot-pull-request-reviewer[bot],Bot,COMMENTED,2025-06-10T18:14:26Z,Copilot,Copilot,same-system,change overview
2912635122,3132733770,cursor[bot],Bot,COMMENTED,2025-06-10T09:04:38Z,Cursor,Cursor,same-system,approval verdict
2921128516,3132740864,cursor[bot],Bot,COMMENTED,2025-06-12T13:21:51Z,Cursor,Cursor,same-system,findings digest
2948093774,3132740864,cursor[bot],Bot,COMMENTED,2025-06-22T08:01:07Z,Cursor,Cursor,same-system,findings digest
2912629970,3132740864,cursor[bot],Bot,COMMENTED,2025-06-10T09:02:57Z,Cursor,Cursor,same-system,findings digest
2929030943,3132740864,cursor[bot],Bot,COMMENTED,2025-06-15T07:39:01Z,Cursor,Cursor,same-system,findings digest
3287087274,3134062748,copilot-pull-request-reviewer[bot],Bot,COMMENTED,2025-10-01T00:05:44Z,Copilot,Copilot,same-system,change overview
2914643744,3134477659,cursor[bot],Bot,COMMENTED,2025-06-10T18:15:50Z,Cursor,Cursor,same-system,approval verdict
2914652539,3134477659,cursor[bot],Bot,COMMENTED,2025-06-10T18:18:45Z,Cursor,Cursor,same-system,approval verdict
2915149219,3134925346,copilot-pull-request-reviewer[bot],Bot,COMMENTED,2025-06-10T22:06:48Z,Copilot,Copilot,same-system,change overview
2915195201,3134961752,copilot-pull-request-reviewer[bot],Bot,COMMENTED,2025-06-10T22:40:37Z,Copilot,Copilot,same-system,change overview
2916177042,3135413297,copilot-pull-request-reviewer[bot],Bot,COMMENTED,2025-06-11T08:35:47Z,Copilot,Copilot,same-system,change overview
2915760744,3135509834,copilot-pull-request-reviewer[bot],Bot,COMMENTED,2025-06-11T06:06:05Z,Copilot,Copilot,same-system,change overview
2915769831,3135573640,copilot-pull-request-reviewer[bot],Bot,COMMENTED,2025-06-11T06:09:39Z,Copilot,Copilot,same-system,change overview
3051532417,3136594828,copilot-pull-request-reviewer[bot],Bot,COMMENTED,2025-07-24T12:48:47Z,Copilot,Copilot,same-system,change overview
2930405634,3139271869,copilot-pull-request-reviewer[bot],Bot,COMMENTED,2025-06-16T00:38:07Z,Copilot,Copilot,same-system,change overview
2962374002,3139579722,copilot-pull-request-reviewer[bot],Bot,COMMENTED,2025-06-26T14:35:48Z,Copilot,Copilot,same-system,change overview
2920521281,3139720497,copilot-pull-request-reviewer[bot],Bot,COMMENTED,2025-06-12T10:47:06Z,Copilot,Copilot,same-system,change overview
2921537596,3139945869,copilot-pull-request-reviewer[bot],Bot,COMMENTED,2025-06-12T14:46:24Z,Copilot,Copilot,same-system,change overview
2921113214,3140230033,copilot-pull-request-reviewer[bot],Bot,COMMENTED,2025-06-12T13:18:11Z,Copilot,Copilot,same-system,change overview
2959977724,3141381557,copilot-pull-request-reviewer[bot],Bot,COMMENTED,2025-06-25T23:56:00Z,Copilot,Copilot,same-system,change overview
2942089988,3143294783,copilot-pull-request-reviewer[bot],Bot,COMMENTED,2025-06-19T08:30:47Z,Copilot,Copilot,same-system,change overview
2929030287,3143406408,cursor[bot],Bot,COMMENTED,2025-06-15T07:36:16Z,Cursor,Cursor,same-system,approval verdict
2924628857,3143406408,cursor[bot],Bot,COMMENTED,2025-06-13T12:25:25Z,Cursor,Cursor,same-system,approval verdict
3047371610,3148932692,copilot-pull-request-reviewer[bot],Bot,COMMENTED,2025-07-23T13:08:57Z,Copilot,Copilot,same-system,change overview
2932609460,3150387821,copilot-pull-request-reviewer[bot],Bot,COMMENTED,2025-06-16T15:30:24Z,Copilot,Copilot,same-system,change overview
2959276489,3150662401,cursor[bot],Bot,COMMENTED,2025-06-25T18:46:48Z,Cursor,Cursor,same-system,findings digest
2942596722,3150662401,cursor[bot],Bot,COMMENTED,2025-06-19T11:28:13Z,Cursor,Cursor,same-system,findings digest
2933092908,3150889859,cursor[bot],Bot,COMMENTED,2025-06-16T18:25:04Z,Cursor,Cursor,same-system,findings digest
2940029434,3150896736,cursor[bot],Bot,COMMENTED,2025-06-18T16:53:05Z,Cursor,Cursor,same-system,findings digest
2944128392,3150971698,copilot-pull-request-reviewer[bot],Bot,COMMENTED,2025-06-19T22:21:40Z,Copilot,Copilot,same-system,change overview
2933219681,3151015743,cursor[bot],Bot,COMMENTED,2025-06-16T19:12:03Z,Cursor,Cursor,same-system,approval verdict
2933273723,3151069958,cursor[bot],Bot,COMMENTED,2025-06-16T19:33:01Z,Cursor,Cursor,same-system,findings digest
2933724442,3151516898,copilot-pull-request-reviewer[bot],Bot,COMMENTED,2025-06-16T23:00:23Z,Copilot,Copilot,same-system,change overview
2963941936,3153069820,cursor[bot],Bot,COMMENTED,2025-06-26T22:52:40Z,Cursor,Cursor,same-system,approval verdict
2963943072,3153069820,cursor[bot],Bot,COMMENTED,2025-06-26T22:53:10Z,Cursor,Cursor,same-system,approval verdict
3007341368,3154236165,copilot-pull-request-reviewer[bot],Bot,COMMENTED,2025-07-10T20:55:29Z,Copilot,Copilot,same-system,change overview
2937659506,3155033995,copilot-pull-request-reviewer[bot],Bot,COMMENTED,2025-06-18T04:02:43Z,Copilot,Copilot,same-system,change overview
2938061236,3155745045,copilot-pull-request-reviewer[bot],Bot,COMMENTED,2025-06-18T07:32:39Z,Copilot,Copilot,same-system,change overview
2941308017,3158673525,copilot-pull-request-reviewer[bot],Bot,COMMENTED,2025-06-19T02:29:30Z,Copilot,Copilot,same-system,review unavailable
2942970452,3159821039,cursor[bot],Bot,COMMENTED,2025-06-19T13:11:02Z,Cursor,Cursor,same-system,review unavailable
2944200742,3161170447,copilot-pull-request-reviewer[bot],Bot,COMMENTED,2025-06-19T23:27:44Z,Copilot,Copilot,same-system,change overview
2944125852,3161437023,cursor[bot],Bot,COMMENTED,2025-06-19T22:17:56Z,Cursor,Cursor,same-system,findings digest
2947769464,3165063018,copilot-pull-request-reviewer[bot],Bot,COMMENTED,2025-06-21T13:35:45Z,Copilot,Copilot,same-system,change overview
2947821858,3165225343,cursor[bot],Bot,COMMENTED,2025-06-21T17:05:38Z,Cursor,Cursor,same-system,approval verdict
2948065023,3165684483,cursor[bot],Bot,COMMENTED,2025-06-22T05:50:18Z,Cursor,Cursor,same-system,findings digest
2948930004,3165822621,cursor[bot],Bot,COMMENTED,2025-06-23T07:15:46Z,Cursor,Cursor,same-system,findings digest
2948381014,3166287915,copilot-pull-request-reviewer[bot],Bot,COMMENTED,2025-06-22T23:38:54Z,Copilot,Copilot,same-system,change overview
2948380498,3166294470,copilot-pull-request-reviewer[bot],Bot,COMMENTED,2025-06-22T23:37:21Z,Copilot,Copilot,same-system,change overview
2949046487,3167148478,copilot-pull-request-reviewer[bot],Bot,COMMENTED,2025-06-23T07:56:16Z,Copilot,Copilot,same-system,change overview
2950689135,3168726032,cursor[bot],Bot,COMMENTED,2025-06-23T16:11:34Z,Cursor,Cursor,same-system,findings digest
2968137841,3169431198,copilot-pull-request-reviewer[bot],Bot,COMMENTED,2025-06-27T22:50:36Z,Copilot,Copilot,same-system,change overview
2951845255,3169803535,copilot-pull-request-reviewer[bot],Bot,COMMENTED,2025-06-24T00:21:50Z,Copilot,Copilot,same-system,change overview
2951845513,3169803701,copilot-pull-request-reviewer[bot],Bot,COMMENTED,2025-06-24T00:22:04Z,Copilot,Copilot,same-system,change overview
2956997949,3170718881,cursor[bot],Bot,COMMENTED,2025-06-25T07:34:09Z,Cursor,Cursor,same-system,findings digest
2970779521,3171113463,copilot-pull-request-reviewer[bot],Bot,COMMENTED,2025-06-30T10:52:07Z,Copilot,Copilot,same-system,change overview
2953540849,3171750360,cursor[bot],Bot,COMMENTED,2025-06-24T12:12:11Z,Cursor,Cursor,same-system,findings digest
2953672550,3171750360,cursor[bot],Bot,COMMENTED,2025-06-24T12:45:43Z,Cursor,Cursor,same-system,findings digest
2953808257,3171750360,cursor[bot],Bot,COMMENTED,2025-06-24T13:18:57Z,Cursor,Cursor,same-system,findings digest
2954188884,3171852682,cursor[bot],Bot,COMMENTED,2025-06-24T14:42:17Z,Cursor,Cursor,same-system,findings digest
2953657043,3171852682,cursor[bot],Bot,COMMENTED,2025-06-24T12:42:36Z,Cursor,Cursor,same-system,findings digest
2954941038,3172940339,cursor[bot],Bot,COMMENTED,2025-06-24T18:41:31Z,Cursor,Cursor,same-system,findings digest
2955385210,3173227548,copilot-pull-request-reviewer[bot],Bot,COMMENTED,2025-06-24T21:21:43Z,Copilot,Copilot,same-system,change overview
2955306622,3173227548,copilot-pull-request-reviewer[bot],Bot,COMMENTED,2025-06-24T20:58:28Z,Copilot,Copilot,same-system,change overview
2968463922,3175055324,cursor[bot],Bot,COMMENTED,2025-06-28T09:13:39Z,Cursor,Cursor,same-system,findings digest
2957755848,3175055324,cursor[bot],Bot,COMMENTED,2025-06-25T11:20:20Z,Cursor,Cursor,same-system,findings digest
2968467768,3175055580,cursor[bot],Bot,COMMENTED,2025-06-28T09:22:58Z,Cursor,Cursor,same-system,findings digest
2957754281,3175055580,cursor[bot],Bot,COMMENTED,2025-06-25T11:19:47Z,Cursor,Cursor,same-system,approval verdict
2968471585,3175055580,cursor[bot],Bot,COMMENTED,2025-06-28T09:41:48Z,Cursor,Cursor,same-system,findings digest
2961901243,3175188468,copilot-pull-request-reviewer[bot],Bot,COMMENTED,2025-06-26T12:21:45Z,Copilot,Copilot,same-system,change overview
2960236669,3177417172,copilot-pull-request-reviewer[bot],Bot,COMMENTED,2025-06-26T01:55:33Z,Copilot,Copilot,same-system,change overview
3086470677,3177625216,copilot-pull-request-reviewer[bot],Bot,COMMENTED,2025-08-05T04:28:04Z,Copilot,Copilot,same-system,change overview
2962619853,3179451686,copilot-pull-request-reviewer[bot],Bot,COMMENTED,2025-06-26T15:49:36Z,Copilot,Copilot,same-system,change overview
2963140850,3179930805,cursor[bot],Bot,COMMENTED,2025-06-26T18:36:40Z,Cursor,Cursor,same-system,findings digest
2963052545,3179930805,cursor[bot],Bot,COMMENTED,2025-06-26T18:11:57Z,Cursor,Cursor,same-system,findings digest
2963698964,3180025177,cursor[bot],Bot,COMMENTED,2025-06-26T21:22:00Z,Cursor,Cursor,same-system,findings digest
2966638163,3180322641,copilot-pull-request-reviewer[bot],Bot,COMMENTED,2025-06-27T13:41:16Z,Copilot,Copilot,same-system,change overview
3104833443,3181698676,copilot-pull-request-reviewer[bot],Bot,COMMENTED,2025-08-11T09:24:49Z,Copilot,Copilot,same-system,change overview
2969214606,3182255512,copilot-pull-request-reviewer[bot],Bot,COMMENTED,2025-06-29T11:20:38Z,Copilot,Copilot,same-system,change overview
2983368837,3182311227,copilot-pull-request-reviewer[bot],Bot,COMMENTED,2025-07-03T14:14:47Z,Copilot,Copilot,same-system,change overview
2966343937,3182521702,copilot-pull-request-reviewer[bot],Bot,COMMENTED,2025-06-27T12:16:31Z,Copilot,Copilot,same-system,change overview
2966815156,3182767311,copilot-pull-request-reviewer[bot],Bot,COMMENTED,2025-06-27T14:30:56Z,Copilot,Copilot,same-system,change overview
2971337971,3186197332,copilot-pull-request-reviewer[bot],Bot,COMMENTED,2025-06-30T13:54:12Z,Copilot,Copilot,same-system,change overview
2969610524,3186299556,copilot-pull-request-reviewer[bot],Bot,COMMENTED,2025-06-30T00:25:24Z,Copilot,Copilot,same-system,change overview
2972962398,3190054801,cursor[bot],Bot,COMMENTED,2025-06-30T22:38:10Z,Cursor,Cursor,same-system,findings digest
2973332702,3190507423,cursor[bot],Bot,COMMENTED,2025-07-01T03:01:58Z,Cursor,Cursor,same-system,findings digest
2973388219,3190568208,copilot-pull-request-reviewer[bot],Bot,COMMENTED,2025-07-01T03:55:52Z,Copilot,Copilot,same-system,change overview
2973635361,3190851348,cursor[bot],Bot,COMMENTED,2025-07-01T06:05:05Z,Cursor,Cursor,same-system,findings digest
2974052139,3191219671,cursor[bot],Bot,COMMENTED,2025-07-01T07:58:27Z,Cursor,Cursor,same-system,findings digest
2979379975,3193739949,copilot-pull-request-reviewer[bot],Bot,COMMENTED,2025-07-02T14:23:28Z,Copilot,Copilot,same-system,change overview
2979376238,3193741359,copilot-pull-request-reviewer[bot],Bot,COMMENTED,2025-07-02T14:22:24Z,Copilot,Copilot,same-system,change overview
2979681709,3193888615,cursor[bot],Bot,COMMENTED,2025-07-02T15:40:28Z,Cursor,Cursor,same-system,findings digest
2978826451,3195598738,copilot-pull-request-reviewer[bot],Bot,COMMENTED,2025-07-02T11:44:35Z,Copilot,Copilot,same-system,review unavailable
2982133638,3195938530,cursor[bot],Bot,COMMENTED,2025-07-03T07:54:54Z,Cursor,Cursor,same-system,findings digest
2980172997,3196736429,cursor[bot],Bot,COMMENTED,2025-07-02T18:13:49Z,Cursor,Cursor,same-system,findings digest
2980160192,3196736429,cursor[bot],Bot,COMMENTED,2025-07-02T18:09:48Z,Cursor,Cursor,same-system,findings digest
2980630553,3197176906,cursor[bot],Bot,COMMENTED,2025-07-02T21:05:47Z,Cursor,Cursor,same-system,findings digest
2981750416,3198011555,copilot-pull-request-reviewer[bot],Bot,COMMENTED,2025-07-03T05:29:58Z,Copilot,Copilot,same-system,change overview
2981770140,3198011555,copilot-pull-request-reviewer[bot],Bot,COMMENTED,2025-07-03T05:37:48Z,Copilot,Copilot,same-system,change overview
2982302399,3198495652,copilot-pull-request-reviewer[bot],Bot,COMMENTED,2025-07-03T08:48:33Z,Copilot,Copilot,same-system,change overview
3026427479,3198797332,cursor[bot],Bot,COMMENTED,2025-07-16T18:56:17Z,Cursor,Cursor,same-system,findings digest
2982890739,3199071386,copilot-pull-request-reviewer[bot],Bot,COMMENTED,2025-07-03T11:57:42Z,Copilot,Copilot,same-system,change overview
2990722644,3199210885,cursor[bot],Bot,COMMENTED,2025-07-05T22:13:22Z,Cursor,Cursor,same-system,findings digest
2990718954,3199210885,cursor[bot],Bot,COMMENTED,2025-07-05T22:07:29Z,Cursor,Cursor,same-system,findings digest
2985807190,3199367326,copilot-pull-request-reviewer[bot],Bot,COMMENTED,2025-07-04T06:51:48Z,Copilot,Copilot,same-system,change overview
3030272201,3201019692,copilot-pull-request-reviewer[bot],Bot,COMMENTED,2025-07-17T16:38:51Z,Copilot,Copilot,same-system,change overview
3108611775,3202327234,copilot-pull-request-reviewer[bot],Bot,COMMENTED,2025-08-12T05:38:22Z,Copilot,Copilot,same-system,change overview
2987299194,3202647888,copilot-pull-request-reviewer[bot],Bot,COMMENTED,2025-07-04T13:42:06Z,Copilot,Copilot,same-system,change overview
2987842213,3203268173,copilot-pull-request-reviewer[bot],Bot,COMMENTED,2025-07-04T16:36:55Z,Copilot,Copilot,same-system,review unavailable
2989692710,3204637625,cursor[bot],Bot,COMMENTED,2025-07-05T09:33:08Z,Cursor,Cursor,same-system,findings digest
2990931487,3205980960,copilot-pull-request-reviewer[bot],Bot,COMMENTED,2025-07-06T03:28:54Z,Copilot,Copilot,same-system,change overview
2990949543,3206020144,cursor[bot],Bot,COMMENTED,2025-07-06T03:47:52Z,Cursor,Cursor,same-system,findings digest
2991049707,3206199204,cursor[bot],Bot,COMMENTED,2025-07-06T06:55:38Z,Cursor,Cursor,same-system,findings digest
2991120063,3206231176,copilot-pull-request-reviewer[bot],Bot,COMMENTED,2025-07-06T09:33:13Z,Copilot,Copilot,same-system,change overview
2991417040,3206662836,cursor[bot],Bot,COMMENTED,2025-07-06T15:18:05Z,Cursor,Cursor,same-system,findings digest
3149102770,3207419884,copilot-pull-request-reviewer[bot],Bot,COMMENTED,2025-08-24T03:02:35Z,Copilot,Copilot,same-system,change overview
2994071516,3209183782,cursor[bot],Bot,COMMENTED,2025-07-07T14:09:28Z,Cursor,Cursor,same-system,findings digest
2994216671,3209314145,cursor[bot],Bot,COMMENTED,2025-07-07T14:48:49Z,Cursor,Cursor,same-system,findings digest
2994469256,3209432582,cursor[bot],Bot,COMMENTED,2025-07-07T16:02:20Z,Cursor,Cursor,same-system,findings digest
2994851324,3209661206,copilot-pull-request-reviewer[bot],Bot,COMMENTED,2025-07-07T17:59:34Z,Copilot,Copilot,same-system,review unavailable
2995877038,3210120746,copilot-pull-request-reviewer[bot],Bot,COMMENTED,2025-07-08T03:42:46Z,Copilot,Copilot,same-system,change overview
3002640578,3210123455,copilot-pull-request-reviewer[bot],Bot,COMMENTED,2025-07-09T18:21:04Z,Copilot,Copilot,same-system,change overview
3009212164,3210760092,cursor[bot],Bot,COMMENTED,2025-07-11T08:24:54Z,Cursor,Cursor,same-system,findings digest
3036369778,3210760092,cursor[bot],Bot,COMMENTED,2025-07-21T02:51:40Z,Cursor,Cursor,same-system,findings digest
3008631652,3210760092,cursor[bot],Bot,COMMENTED,2025-07-11T05:22:05Z,Cursor,Cursor,same-system,findings digest
3027815543,3210760092,cursor[bot],Bot,COMMENTED,2025-07-17T04:26:03Z,Cursor,Cursor,same-system,findings digest
3003529889,3210760092,cursor[bot],Bot,COMMENTED,2025-07-10T01:07:20Z,Cursor,Cursor,same-system,findings digest
3022929244,3210760092,cursor[bot],Bot,COMMENTED,2025-07-16T02:48:51Z,Cursor,Cursor,same-system,findings digest
2995820199,3210787259,copilot-pull-request-reviewer[bot],Bot,COMMENTED,2025-07-08T02:53:45Z,Copilot,Copilot,same-system,change overview
2995884233,3210824774,copilot-pull-request-reviewer[bot],Bot,COMMENTED,2025-07-08T03:48:50Z,Copilot,Copilot,same-system,change overview
3099788633,3210904150,copilot-pull-request-reviewer[bot],Bot,COMMENTED,2025-08-08T07:43:57Z,Copilot,Copilot,same-system,change overview
2998643144,3211119439,copilot-pull-request-reviewer[bot],Bot,COMMENTED,2025-07-08T18:08:00Z,Copilot,Copilot,same-system,review unavailable
3000350246,3214232191,copilot-pull-request-reviewer[bot],Bot,COMMENTED,2025-07-09T07:19:06Z,Copilot,Copilot,same-system,change overview
3000609608,3215049221,cursor[bot],Bot,COMMENTED,2025-07-09T08:44:07Z,Cursor,Cursor,same-system,findings digest
3000707808,3215138589,cursor[bot],Bot,COMMENTED,2025-07-09T09:13:03Z,Cursor,Cursor,same-system,findings digest
3000953461,3215375260,cursor[bot],Bot,COMMENTED,2025-07-09T10:19:15Z,Cursor,Cursor,same-system,findings digest
3002608209,3216135866,cursor[bot],Bot,COMMENTED,2025-07-09T18:06:37Z,Cursor,Cursor,same-system,findings digest
3002457105,3216135866,cursor[bot],Bot,COMMENTED,2025-07-09T17:34:59Z,Cursor,Cursor,same-system,findings digest
3002025077,3216324404,cursor[bot],Bot,COMMENTED,2025-07-09T15:28:59Z,Cursor,Cursor,same-system,findings digest
3078356145,3220022687,copilot-pull-request-reviewer[bot],Bot,COMMENTED,2025-08-01T09:06:59Z,Copilot,Copilot,same-system,change overview
3008078111,3220129828,copilot-pull-request-reviewer[bot],Bot,COMMENTED,2025-07-11T01:09:09Z,Copilot,Copilot,same-system,change overview
3008457040,3221372841,copilot-pull-request-reviewer[bot],Bot,COMMENTED,2025-07-11T04:05:34Z,Copilot,Copilot,same-system,change overview
3009682618,3222396654,cursor[bot],Bot,COMMENTED,2025-07-11T10:28:40Z,Cursor,Cursor,same-system,findings digest
3011067083,3223436019,copilot-pull-request-reviewer[bot],Bot,COMMENTED,2025-07-11T16:35:04Z,Copilot,Copilot,same-system,change overview
3012514732,3224637642,cursor[bot],Bot,COMMENTED,2025-07-12T01:39:19Z,Cursor,Cursor,same-system,findings digest
3012973027,3225203739,copilot-pull-request-reviewer[bot],Bot,COMMENTED,2025-07-12T11:28:42Z,Copilot,Copilot,same-system,change overview
3013033460,3225248831,cursor[bot],Bot,COMMENTED,2025-07-12T12:34:31Z,Cursor,Cursor,same-system,findings digest
3035427988,3225248831,cursor[bot],Bot,COMMENTED,2025-07-19T16:28:54Z,Cursor,Cursor,same-system,findings digest
3036103347,3225248831,cursor[bot],Bot,COMMENTED,2025-07-20T17:26:28Z,Cursor,Cursor,same-system,findings digest
3035430922,3225248831,cursor[bot],Bot,COMMENTED,2025-07-19T16:37:08Z,Cursor,Cursor,same-system,findings digest
3013112797,3225283010,cursor[bot],Bot,COMMENTED,2025-07-12T13:12:33Z,Cursor,Cursor,same-system,findings digest
3013105880,3225283010,cursor[bot],Bot,COMMENTED,2025-07-12T13:08:47Z,Cursor,Cursor,same-system,findings digest
3013331703,3225400623,cursor[bot],Bot,COMMENTED,2025-07-12T16:05:52Z,Cursor,Cursor,same-system,findings digest
3013184645,3225400623,cursor[bot],Bot,COMMENTED,2025-07-12T14:20:43Z,Cursor,Cursor,same-system,findings digest
3013282973,3225400623,cursor[bot],Bot,COMMENTED,2025-07-12T15:29:58Z,Cursor,Cursor,same-system,findings digest
3013245225,3225400623,cursor[bot],Bot,COMMENTED,2025-07-12T15:00:19Z,Cursor,Cursor,same-system,findings digest
3013781015,3225486077,copilot-pull-request-reviewer[bot],Bot,COMMENTED,2025-07-13T02:55:03Z,Copilot,Copilot,same-system,change overview
3013339361,3225524525,cursor[bot],Bot,COMMENTED,2025-07-12T16:12:03Z,Cursor,Cursor,same-system,findings digest
3013390029,3225582142,cursor[bot],Bot,COMMENTED,2025-07-12T17:06:41Z,Cursor,Cursor,same-system,findings digest
3014315354,3225582142,cursor[bot],Bot,COMMENTED,2025-07-13T21:23:16Z,Cursor,Cursor,same-system,findings digest
3062748970,3226091042,copilot-pull-request-reviewer[bot],Bot,COMMENTED,2025-07-28T13:30:31Z,Copilot,Copilot,same-system,change overview
3013974732,3226257632,cursor[bot],Bot,COMMENTED,2025-07-13T08:25:22Z,Cursor,Cursor,same-system,findings digest
3014266563,3226305866,copilot-pull-request-reviewer[bot],Bot,COMMENTED,2025-07-13T17:56:26Z,Copilot,Copilot,same-system,change overview
3014043515,3226305866,copilot-pull-request-reviewer[bot],Bot,COMMENTED,2025-07-13T09:59:56Z,Copilot,Copilot,same-system,change overview
3014277917,3226728754,cursor[bot],Bot,COMMENTED,2025-07-13T18:39:58Z,Cursor,Cursor,same-system,findings digest
3014518210,3227055314,cursor[bot],Bot,COMMENTED,2025-07-14T01:32:08Z,Cursor,Cursor,same-system,findings digest
3039713700,3227205708,copilot-pull-request-reviewer[bot],Bot,COMMENTED,2025-07-21T20:33:03Z,Copilot,Copilot,same-system,change overview
3033281350,3227497381,cursor[bot],Bot,COMMENTED,2025-07-18T11:51:49Z,Cursor,Cursor,same-system,findings digest
3014994007,3227586993,cursor[bot],Bot,COMMENTED,2025-07-14T06:58:59Z,Cursor,Cursor,same-system,findings digest
3015600457,3227866239,copilot-pull-request-reviewer[bot],Bot,COMMENTED,2025-07-14T09:49:39Z,Copilot,Copilot,same-system,change overview
3015332619,3227866239,copilot-pull-request-reviewer[bot],Bot,COMMENTED,2025-07-14T08:39:12Z,Copilot,Copilot,same-system,review unavailable
3015332159,3227867582,copilot-pull-request-reviewer[bot],Bot,COMMENTED,2025-07-14T08:39:05Z,Copilot,Copilot,same-system,review unavailable
3059665512,3229096395,cursor[bot],Bot,COMMENTED,2025-07-27T19:29:03Z,Cursor,Cursor,same-system,approval verdict
3017445931,3229725186,cursor[bot],Bot,COMMENTED,2025-07-14T19:00:23Z,Cursor,Cursor,same-system,findings digest
3021897880,3229974643,cursor[bot],Bot,COMMENTED,2025-07-15T18:56:10Z,Cursor,Cursor,same-system,findings digest
3018774118,3230529031,copilot-pull-request-reviewer[bot],Bot,COMMENTED,2025-07-15T05:57:39Z,Copilot,Copilot,same-system,change overview
3181310904,3230718769,copilot-pull-request-reviewer[bot],Bot,COMMENTED,2025-09-03T15:56:25Z,Copilot,Copilot,same-system,change overview
3183594800,3230758347,copilot-pull-request-reviewer[bot],Bot,COMMENTED,2025-09-04T06:15:40Z,Copilot,Copilot,same-system,change overview
3019154880,3231135043,copilot-pull-request-reviewer[bot],Bot,COMMENTED,2025-07-15T07:52:52Z,Copilot,Copilot,same-system,change overview
3020217735,3232185257,cursor[bot],Bot,COMMENTED,2025-07-15T13:07:42Z,Cursor,Cursor,same-system,findings digest
3021998321,3233286812,cursor[bot],Bot,COMMENTED,2025-07-15T19:23:02Z,Cursor,Cursor,same-system,findings digest
3021820355,3233286812,cursor[bot],Bot,COMMENTED,2025-07-15T18:41:03Z,Cursor,Cursor,same-system,findings digest
3025311978,3236209903,cursor[bot],Bot,COMMENTED,2025-07-16T14:31:03Z,Cursor,Cursor,same-system,findings digest
3025726560,3236325867,copilot-pull-request-reviewer[bot],Bot,COMMENTED,2025-07-16T16:02:47Z,Copilot,Copilot,same-system,change overview
3027961164,3238012390,copilot-pull-request-reviewer[bot],Bot,COMMENTED,2025-07-17T05:40:58Z,Copilot,Copilot,same-system,change overview
3027854768,3238046925,copilot-pull-request-reviewer[bot],Bot,COMMENTED,2025-07-17T04:52:24Z,Copilot,Copilot,same-system,change overview
3030594413,3240515147,cursor[bot],Bot,COMMENTED,2025-07-17T18:32:27Z,Cursor,Cursor,same-system,findings digest
3030845309,3240738542,cursor[bot],Bot,COMMENTED,2025-07-17T19:57:38Z,Cursor,Cursor,same-system,findings digest
3031403903,3241336803,cursor[bot],Bot,COMMENTED,2025-07-18T00:35:42Z,Cursor,Cursor,same-system,findings digest
3031565532,3241570199,cursor[bot],Bot,COMMENTED,2025-07-18T01:58:00Z,Cursor,Cursor,same-system,findings digest
3035119897,3241734959,copilot-pull-request-reviewer[bot],Bot,COMMENTED,2025-07-19T04:07:03Z,Copilot,Copilot,same-system,change overview
3035082987,3241734959,copilot-pull-request-reviewer[bot],Bot,COMMENTED,2025-07-19T02:35:29Z,Copilot,Copilot,same-system,change overview
3032690199,3242425051,cursor[bot],Bot,COMMENTED,2025-07-18T08:56:09Z,Cursor,Cursor,same-system,findings digest
3034957854,3243017418,cursor[bot],Bot,COMMENTED,2025-07-18T22:56:10Z,Cursor,Cursor,same-system,findings digest
3034164762,3243753455,cursor[bot],Bot,COMMENTED,2025-07-18T16:38:58Z,Cursor,Cursor,same-system,findings digest
3113131343,3244728557,copilot-pull-request-reviewer[bot],Bot,COMMENTED,2025-08-12T22:47:26Z,Copilot,Copilot,same-system,change overview
3045139093,3244989711,cursor[bot],Bot,COMMENTED,2025-07-22T23:29:04Z,Cursor,Cursor,same-system,findings digest
3039407562,3244989711,cursor[bot],Bot,COMMENTED,2025-07-21T19:23:33Z,Cursor,Cursor,same-system,findings digest
3036085358,3246458539,cursor[bot],Bot,COMMENTED,2025-07-20T16:07:41Z,Cursor,Cursor,same-system,approval verdict
3036081139,3246458539,cursor[bot],Bot,COMMENTED,2025-07-20T15:50:16Z,Cursor,Cursor,same-system,findings digest
3037447589,3247403285,copilot-pull-request-reviewer[bot],Bot,COMMENTED,2025-07-21T10:28:01Z,Copilot,Copilot,same-system,review unavailable
3038632095,3248957693,copilot-pull-request-reviewer[bot],Bot,COMMENTED,2025-07-21T15:24:12Z,Copilot,Copilot,same-system,change overview
3098152954,3250824111,copilot-pull-request-reviewer[bot],Bot,COMMENTED,2025-08-07T17:34:15Z,Copilot,Copilot,same-system,change overview
3065419827,3251416645,copilot-pull-request-reviewer[bot],Bot,COMMENTED,2025-07-29T04:50:04Z,Copilot,Copilot,same-system,change overview
3072980075,3251767163,copilot-pull-request-reviewer[bot],Bot,COMMENTED,2025-07-30T19:02:45Z,Copilot,Copilot,same-system,change overview
3045741432,3252779862,copilot-pull-request-reviewer[bot],Bot,COMMENTED,2025-07-23T05:55:08Z,Copilot,Copilot,same-system,change overview
3043398058,3252814882,copilot-pull-request-reviewer[bot],Bot,COMMENTED,2025-07-22T14:52:57Z,Copilot,Copilot,same-system,change overview
3054788186,3253285828,copilot-pull-request-reviewer[bot],Bot,COMMENTED,2025-07-25T09:42:07Z,Copilot,Copilot,same-system,change overview
3203205775,3255397374,copilot-pull-request-reviewer[bot],Bot,COMMENTED,2025-09-09T20:36:18Z,Copilot,Copilot,same-system,change overview
3049820926,3255507938,copilot-pull-request-reviewer[bot],Bot,COMMENTED,2025-07-24T03:03:10Z,Copilot,Copilot,same-system,change overview
3046465638,3255591862,cursor[bot],Bot,COMMENTED,2025-07-23T09:18:02Z,Cursor,Cursor,same-system,findings digest
3046881448,3255641734,copilot-pull-request-reviewer[bot],Bot,COMMENTED,2025-07-23T11:20:16Z,Copilot,Copilot,same-system,change overview
3047486436,3255737322,copilot-pull-request-reviewer[bot],Bot,COMMENTED,2025-07-23T13:33:28Z,Copilot,Copilot,same-system,change overview
3048725234,3256751857,copilot-pull-request-reviewer[bot],Bot,COMMENTED,2025-07-23T19:29:03Z,Copilot,Copilot,same-system,change overview
3050508701,3258532069,copilot-pull-request-reviewer[bot],Bot,COMMENTED,2025-07-24T07:48:34Z,Copilot,Copilot,same-system,change overview
3058917429,3265090887,cursor[bot],Bot,COMMENTED,2025-07-27T04:03:29Z,Cursor,Cursor,same-system,platform notice
3059745082,3267543045,copilot-pull-request-reviewer[bot],Bot,COMMENTED,2025-07-28T00:28:37Z,Copilot,Copilot,same-system,change overview
3059871650,3267643074,copilot-pull-request-reviewer[bot],Bot,COMMENTED,2025-07-28T01:43:06Z,Copilot,Copilot,same-system,change overview
3085971858,3271620469,copilot-pull-request-reviewer[bot],Bot,COMMENTED,2025-08-04T22:37:48Z,Copilot,Copilot,same-system,change overview
3381168792,3272751390,copilot-pull-request-reviewer[bot],Bot,COMMENTED,2025-10-26T15:14:28Z,Copilot,Copilot,same-system,change overview
3077754176,3273148562,cursor[bot],Bot,COMMENTED,2025-08-01T05:46:15Z,Cursor,Cursor,same-system,platform notice
3071521969,3275443065,copilot-pull-request-reviewer[bot],Bot,COMMENTED,2025-07-30T13:16:56Z,Copilot,Copilot,same-system,change overview
3070354331,3275513847,copilot-pull-request-reviewer[bot],Bot,COMMENTED,2025-07-30T08:10:15Z,Copilot,Copilot,same-system,change overview
