# RQ2 | review forms, Table 2
metric,value
same-system inline only,"6,329"
same-system summary only,657
same-system both,306
same-system verdict-only,0
cross-system inline only,608
cross-system summary only,"2,059"
cross-system both,"1,673"
cross-system verdict-only,61
human inline only,"8,976"
human summary only,"2,438"
human both,647
human verdict-only,"4,960"
column totals inline only,"15,913"
column totals summary only,"5,154"
column totals both,"2,626"
column totals verdict-only,"5,021"
AI-on-AI inline-only events,"6,937"
AI-on-AI with-summary events,"4,695"
AI-on-AI with written content (n),"11,632"
human with written content (n),"12,061"
human events in the corpus,"17,021"
AI-on-AI inline-only share (%),59.3
AI-on-AI with-summary share (%),40.2
AI-on-AI with written content (%),99.5
human with written content (%),70.9
form x actor chi2,"13,166.9"
form x actor df,6
form x actor V,0.48
form x actor p,0.0e+00
same-system inline-only share (%),86.8
same-system with-summary share (%),13.2
cross-system with-summary share (%),84.8
human inline-only share (%),52.7
human with-summary share (%),18.1
