# RQ2 | review-function taxonomy: counts and shares
metric,value
same-system inline sample,364
cross-system inline sample,357
same-system summary sample,275
cross-system summary sample,348
coded units in total,"1,344"
Descriptive units,525
Code-directed units,382
Confirmatory units,306
Interactive/directive units,91
Other units,40
Descriptive share (%),39.1
Code-directed share (%),28.4
Confirmatory share (%),22.8
Interactive/directive share (%),6.8
Other share (%),3
descriptive+confirmatory share (%),61.8
five function categories,5
ten leaf sub-categories (A.1-D.2),10
leaf findings digest share (%),14.7
leaf change overview share (%),23.6
leaf explanation share (%),0.8
leaf improvement suggestion share (%),25.8
leaf code-issue feedback share (%),1.8
leaf change acknowledgment share (%),17.8
leaf approval verdict share (%),5
leaf response to feedback share (%),6.5
leaf verification report share (%),0.8
leaf clarification/question share (%),0.3
