unit_id,stratum,pass1
2192184818,same-system,Change acknowledgment
2239575536,same-system,Change acknowledgment
2231697037,cross-system,Improvement suggestion
2151195770,cross-system,Improvement suggestion
2132221951,same-system,Change acknowledgment
2098491986,cross-system,Improvement suggestion
2116594595,same-system,Workflow/verification report
2094736365,cross-system,Improvement suggestion
2240632464,cross-system,Platform notice
2159748694,cross-system,Code-issue feedback
2135027307,cross-system,Improvement suggestion
2137934330,cross-system,Platform notice
2108363175,cross-system,Clarification/question
2103665938,same-system,Change acknowledgment
2103634050,same-system,Change acknowledgment
2206424983,same-system,Change acknowledgment
2110794818,cross-system,Platform notice
2218884880,cross-system,Improvement suggestion
2247655655,same-system,Change acknowledgment
2099171092,cross-system,Improvement suggestion
2094881356,cross-system,Improvement suggestion
2110794814,cross-system,Workflow/verification report
2247654660,same-system,Change acknowledgment
2149167129,cross-system,Improvement suggestion
2113030468,same-system,Response to feedback
2101020161,same-system,Response to feedback
2100919672,cross-system,Improvement suggestion
2172265802,same-system,Change acknowledgment
2186750836,cross-system,Workflow/verification report
2096621608,same-system,Change acknowledgment
2183703742,cross-system,Improvement suggestion
2169907632,same-system,Response to feedback
2160027558,cross-system,Platform notice
2146430687,same-system,Response to feedback
2190328727,cross-system,Code-issue feedback
2147400737,same-system,Change acknowledgment
2209079662,same-system,Change acknowledgment
2167418294,same-system,Change acknowledgment
2117738763,cross-system,Improvement suggestion
2124845515,same-system,Change acknowledgment
2203945766,same-system,Change acknowledgment
2226667626,cross-system,Code-issue feedback
2205033025,cross-system,Improvement suggestion
2094646156,cross-system,Improvement suggestion
2208342183,cross-system,Improvement suggestion
2180673769,same-system,Improvement suggestion
2141814425,cross-system,Improvement suggestion
2152959152,cross-system,Code-issue feedback
2238540470,same-system,Response to feedback
2114771541,same-system,Change acknowledgment
2141258544,same-system,Change acknowledgment
2182645588,cross-system,Change acknowledgment
2173565908,cross-system,Code-issue feedback
2096287787,same-system,Change acknowledgment
2206425126,same-system,Response to feedback
2243147935,cross-system,Improvement suggestion
2136127012,same-system,Response to feedback
2134833136,cross-system,Response to feedback
2127468310,same-system,Change acknowledgment
2232957952,cross-system,Platform notice
2204923571,cross-system,Improvement suggestion
2229484165,cross-system,Code-issue feedback
2169117394,same-system,Change acknowledgment
2239489095,cross-system,Improvement suggestion
2171332636,same-system,Change acknowledgment
2094297020,cross-system,Code-issue feedback
2226714826,cross-system,Improvement suggestion
2140573115,cross-system,Improvement suggestion
2210760612,same-system,Improvement suggestion
2222509140,cross-system,Improvement suggestion
2199495480,same-system,Response to feedback
2131349722,same-system,Change acknowledgment
2169846551,same-system,Change acknowledgment
2175328945,cross-system,Change acknowledgment
2104183949,cross-system,Improvement suggestion
2183705315,cross-system,Improvement suggestion
2138568653,same-system,Response to feedback
2101549150,cross-system,Improvement suggestion
2217187543,cross-system,Change acknowledgment
2175328983,cross-system,Change acknowledgment
2140448104,same-system,Change acknowledgment
2130767216,cross-system,Code-issue feedback
2201497447,same-system,Change acknowledgment
2190949521,same-system,Change acknowledgment
2148222066,same-system,Change acknowledgment
2104039927,same-system,Change acknowledgment
2103054196,same-system,Change acknowledgment
2199379932,same-system,Change acknowledgment
2138265835,same-system,Other
2217138564,same-system,Improvement suggestion
2216188059,cross-system,Platform notice
2094201189,cross-system,Improvement suggestion
2155692116,cross-system,Improvement suggestion
2110754209,cross-system,Improvement suggestion
2167527290,same-system,Change acknowledgment
2225188077,same-system,Response to feedback
2183785785,same-system,Response to feedback
2229484152,cross-system,Code-issue feedback
2131469042,cross-system,Improvement suggestion
2204892447,same-system,Change acknowledgment
2168859941,cross-system,Improvement suggestion
2101082962,same-system,Change acknowledgment
2157372823,same-system,Response to feedback
2173529715,same-system,Change acknowledgment
2145565232,cross-system,Improvement suggestion
2151802006,same-system,Change acknowledgment
2238547000,same-system,Change acknowledgment
2152263262,cross-system,Improvement suggestion
2205830813,same-system,Change acknowledgment
2106077811,same-system,Improvement suggestion
2145547867,same-system,Change acknowledgment
2220344997,cross-system,Improvement suggestion
2173674928,cross-system,Improvement suggestion
2201556241,same-system,Change acknowledgment
2222569425,cross-system,Improvement suggestion
2098124958,cross-system,Code-issue feedback
2173826865,same-system,Change acknowledgment
2127417067,same-system,Response to feedback
2167603678,same-system,Change acknowledgment
2121394686,cross-system,Improvement suggestion
2103198575,same-system,Change acknowledgment
2226667662,cross-system,Code-issue feedback
2194304906,cross-system,Improvement suggestion
2098456740,cross-system,Improvement suggestion
2110484096,cross-system,Improvement suggestion
2147014671,cross-system,Improvement suggestion
2225536382,same-system,Change acknowledgment
2097869492,same-system,Other
2191865989,same-system,Change acknowledgment
2242528656,cross-system,Code-issue feedback
2212382668,same-system,Change acknowledgment
2148582095,same-system,Improvement suggestion
2116901608,same-system,Change acknowledgment
2098124955,cross-system,Clarification/question
2153526228,cross-system,Improvement suggestion
2187856314,cross-system,Improvement suggestion
2200931995,cross-system,Other
2094167305,cross-system,Code-issue feedback
2180650377,same-system,Change acknowledgment
2195365182,cross-system,Improvement suggestion
2125712115,cross-system,Improvement suggestion
2153130032,cross-system,Code-issue feedback
2127974731,cross-system,Improvement suggestion
2100826514,same-system,Other
2229789852,cross-system,Code-issue feedback
2102631215,cross-system,Improvement suggestion
2096521689,cross-system,Improvement suggestion
2145561502,same-system,Response to feedback
2102056569,same-system,Change acknowledgment
2145592661,same-system,Response to feedback
2160581274,same-system,Change acknowledgment
2147372868,cross-system,Improvement suggestion
2154524131,same-system,Change acknowledgment
2134416201,cross-system,Improvement suggestion
2164857991,same-system,Change acknowledgment
2212871139,cross-system,Change acknowledgment
2107146389,same-system,Change acknowledgment
2137503234,cross-system,Platform notice
2203944660,same-system,Change acknowledgment
2098639377,cross-system,Improvement suggestion
2162930301,cross-system,Improvement suggestion
2136415625,cross-system,Platform notice
2209266394,same-system,Response to feedback
2230636622,same-system,Change acknowledgment
2130426337,same-system,Change acknowledgment
2247991114,same-system,Response to feedback
2139153268,same-system,Response to feedback
2144843896,same-system,Response to feedback
2120865552,same-system,Change acknowledgment
2183795323,same-system,Response to feedback
2149167137,cross-system,Improvement suggestion
2146820927,cross-system,Improvement suggestion
2168238823,cross-system,Platform notice
2117094825,same-system,Change acknowledgment
2194565088,cross-system,Improvement suggestion
2151601383,cross-system,Improvement suggestion
2132580336,same-system,Change acknowledgment
2202359744,same-system,Change acknowledgment
2165084528,cross-system,Code-issue feedback
2127392685,cross-system,Improvement suggestion
2212156570,cross-system,Code-issue feedback
2094832880,cross-system,Improvement suggestion
2136562831,same-system,Response to feedback
2202861499,same-system,Change acknowledgment
2139010874,same-system,Change acknowledgment
2100918489,same-system,Change acknowledgment
2222509125,cross-system,Improvement suggestion
2128591196,same-system,Change acknowledgment
2097962020,same-system,Change acknowledgment
2139142133,same-system,Change acknowledgment
2174723760,same-system,Change acknowledgment
2231008126,cross-system,Code-issue feedback
2144673032,cross-system,Improvement suggestion
2169491090,same-system,Change acknowledgment
2131907095,same-system,Change acknowledgment
2195365194,cross-system,Improvement suggestion
2227229905,same-system,Change acknowledgment
2126957843,cross-system,Other
2169865807,same-system,Response to feedback
2168238821,cross-system,Platform notice
