unit_id,label
2155182134,brief remark
2116606010,decision
2126666499,decision
2190496725,code feedback
2185575940,code feedback
2103663881,code feedback
2230965095,decision
2174230450,direction to an agent
2204527528,brief remark
2102952441,code feedback
2214362911,code feedback
2212003887,code feedback
2198677446,direction to an agent
2116316331,decision
2136722142,brief remark
2134558352,code feedback
2138293210,direction to an agent
2212003919,code feedback
2101621565,direction to an agent
2107938941,decision
2188668379,decision
2106193150,code feedback
2102475432,question
2191024416,direction to an agent
2139115028,direction to an agent
2188131854,direction to an agent
2143688263,code feedback
2176082793,decision
2140871996,decision
2106091541,direction to an agent
2111514777,decision
2122371432,code feedback
2103632886,code feedback
2209418028,code feedback
2111238564,code feedback
2175073994,direction to an agent
2097932542,decision
2217013844,decision
2157344721,direction to an agent
2095877812,decision
2222624181,decision
2108069768,direction to an agent
2191089053,code feedback
2193940415,code feedback
2106793594,code feedback
2233627251,direction to an agent
2103549096,direction to an agent
2204356098,brief remark
2154219488,decision
2110914036,code feedback
2094584919,decision
2160240268,code feedback
2151494316,decision
2141258905,decision
2113643611,direction to an agent
2204978143,direction to an agent
2190364550,decision
2096498559,decision
2230620603,decision
2137848621,direction to an agent
2118061989,code feedback
2120970428,direction to an agent
2133245628,decision
2169910051,direction to an agent
2145344171,decision
2109395125,code feedback
2211645383,decision
2217013686,decision
2182887270,decision
2140836076,direction to an agent
2232905950,question
2172828596,question
2182828147,code feedback
2245559351,direction to an agent
2244160587,decision
2104197208,direction to an agent
2125467733,direction to an agent
2195646984,code feedback
2101466264,decision
2152304914,decision
2185409116,decision
2132367700,code feedback
2188126113,decision
2233631176,direction to an agent
2136965296,code feedback
2229419026,decision
2214355200,code feedback
2245970312,question
2140380456,direction to an agent
2191413273,direction to an agent
2220874037,question
2133243075,decision
2234870930,decision
2232812675,decision
2133816623,brief remark
2233631195,direction to an agent
2182170482,decision
2125645067,direction to an agent
2169707227,direction to an agent
2214364809,code feedback
2206783207,direction to an agent
2150963415,decision
2238526386,code feedback
2225083882,question
2153575526,direction to an agent
2232956902,decision
2230963803,direction to an agent
2132292883,decision
2140622195,decision
2133245284,decision
2133910439,decision
2147369324,question
2147771870,direction to an agent
2212009451,question
2124423268,direction to an agent
2251814844,decision
2124988730,code feedback
2127424671,code feedback
2014273022,code feedback
2150299032,decision
2101155407,code feedback
2155265448,decision
2176322520,question
2237635410,decision
2098339807,decision
2150493922,direction to an agent
2196177645,question
2107938846,decision
2107408308,direction to an agent
2102698552,code feedback
2180784191,direction to an agent
2101215332,direction to an agent
2094584977,decision
2232957178,decision
2165263744,direction to an agent
2127583166,direction to an agent
2098693470,decision
2216174653,code feedback
2138893018,code feedback
2201361629,direction to an agent
2156945180,decision
2104008125,code feedback
2177617736,decision
2231751452,decision
2124654739,code feedback
2114694736,direction to an agent
2188041444,direction to an agent
2096806874,direction to an agent
2221929596,code feedback
2197083156,direction to an agent
2216186830,question
2203792712,direction to an agent
2136706588,decision
2155069216,brief remark
2140877108,decision
2168073776,code feedback
2109686515,code feedback
2125160120,code feedback
2243157293,question
2107804128,decision
2168427406,decision
2114831292,direction to an agent
2209223576,code feedback
2140634465,decision
2152527341,direction to an agent
2137664666,decision
2178768887,code feedback
2102947654,decision
2140721019,brief remark
2141165394,direction to an agent
2217164492,decision
2141234034,decision
2094584796,decision
2140476390,decision
2241165188,decision
2149021057,code feedback
2138782515,code feedback
2078829995,brief remark
2185983586,direction to an agent
2205008256,direction to an agent
2124621779,direction to an agent
2153510194,decision
2099683834,code feedback
2096569151,code feedback
2147727859,decision
2101553219,decision
2124647750,decision
2192800579,brief remark
2114440357,code feedback
2121799465,decision
2151333499,decision
2174066948,decision
2180677721,code feedback
2199847795,decision
2101466961,code feedback
2140878133,decision
2176628561,decision
2145712449,decision
2180489912,question
2193148908,brief remark
