id,round,pass1,pass2,final,adjudicated
2852009275,pilot,change overview,Change overview,change overview,False
2852459483,pilot,change overview,Change overview,change overview,False
2855537223,rest,change overview,Change overview,change overview,False
2857956911,pilot,change overview,Change overview,change overview,False
2858789144,rest,change overview,Change overview,change overview,False
2872976444,rest,change overview,Change overview,change overview,False
2859407736,pilot,review unavailable,Review unavailable,review unavailable,False
2866718015,pilot,change overview,Change overview,change overview,False
2859576054,rest,change overview,Change overview,change overview,False
2859759887,rest,change overview,Change overview,change overview,False
2861088093,rest,change overview,Change overview,change overview,False
2863739168,rest,change overview,Change overview,change overview,False
2861863274,rest,change overview,Change overview,change overview,False
2874906394,rest,change overview,Change overview,change overview,False
2861928883,rest,review unavailable,Review unavailable,review unavailable,False
2864471618,rest,review unavailable,Review unavailable,review unavailable,False
2869930457,rest,change overview,Change overview,change overview,False
2870307670,rest,review unavailable,Review unavailable,review unavailable,False
2876888434,rest,change overview,Change overview,change overview,False
2878023025,rest,change overview,Change overview,change overview,False
2881567814,rest,change overview,Change overview,change overview,False
2882035590,rest,change overview,Change overview,change overview,False
2893984324,pilot,change overview,Change overview,change overview,False
2883722488,rest,change overview,Change overview,change overview,False
2884014177,pilot,change overview,Change overview,change overview,False
2886597733,rest,change overview,Change overview,change overview,False
2887741163,pilot,findings digest,Change overview,change overview,True
2889662403,pilot,change overview,Change overview,change overview,False
2889756541,rest,change overview,Change overview,change overview,False
2890358420,pilot,findings digest,Change overview,change overview,True
2891461931,pilot,change overview,Change overview,change overview,False
2894744651,pilot,approval verdict,Approval verdict,approval verdict,False
2894489271,pilot,change overview,Change overview,change overview,False
2897772971,rest,change overview,Change overview,change overview,False
2895711907,rest,change overview,Change overview,change overview,False
2900541983,pilot,change overview,Change overview,change overview,False
2914946232,rest,change overview,Change overview,change overview,False
2914394347,pilot,change overview,Change overview,change overview,False
2909460384,pilot,change overview,Change overview,change overview,False
2898903337,pilot,change overview,Change overview,change overview,False
2900450185,rest,approval verdict,Approval verdict,approval verdict,False
2905067576,pilot,change overview,Change overview,change overview,False
2902613436,pilot,findings digest,Change overview,change overview,True
2904699556,pilot,change overview,Change overview,change overview,False
2904823437,pilot,review unavailable,Review unavailable,review unavailable,False
2904839543,rest,change overview,Change overview,change overview,False
2910971158,pilot,change overview,Change overview,change overview,False
2906248739,pilot,change overview,Change overview,change overview,False
2906263116,pilot,change overview,Change overview,change overview,False
2906400737,rest,change overview,Change overview,change overview,False
2908011123,pilot,change overview,Change overview,change overview,False
2910427859,pilot,findings digest,Findings digest,findings digest,False
2914638983,rest,change overview,Change overview,change overview,False
2912635122,pilot,approval verdict,Approval verdict,approval verdict,False
2921128516,rest,findings digest,Findings digest,findings digest,False
2948093774,pilot,findings digest,Findings digest,findings digest,False
2912629970,rest,findings digest,Findings digest,findings digest,False
2929030943,pilot,findings digest,Findings digest,findings digest,False
3287087274,rest,change overview,Change overview,change overview,False
2914643744,pilot,approval verdict,Approval verdict,approval verdict,False
2914652539,rest,approval verdict,Approval verdict,approval verdict,False
2915149219,pilot,change overview,Change overview,change overview,False
2915195201,pilot,change overview,Change overview,change overview,False
2916177042,pilot,verification report,Change overview,change overview,True
2915760744,rest,change overview,Change overview,change overview,False
2915769831,pilot,change overview,Change overview,change overview,False
3051532417,rest,change overview,Change overview,change overview,False
2930405634,pilot,change overview,Change overview,change overview,False
2962374002,rest,change overview,Change overview,change overview,False
2920521281,pilot,change overview,Change overview,change overview,False
2921537596,rest,change overview,Change overview,change overview,False
2921113214,pilot,change overview,Change overview,change overview,False
2959977724,rest,change overview,Change overview,change overview,False
2942089988,pilot,change overview,Change overview,change overview,False
2929030287,pilot,approval verdict,Approval verdict,approval verdict,False
2924628857,rest,approval verdict,Approval verdict,approval verdict,False
3047371610,pilot,change overview,Change overview,change overview,False
2932609460,pilot,findings digest,Change overview,change overview,True
2959276489,rest,findings digest,Findings digest,findings digest,False
2942596722,rest,findings digest,Findings digest,findings digest,False
2933092908,pilot,findings digest,Findings digest,findings digest,False
2940029434,rest,findings digest,Findings digest,findings digest,False
2944128392,rest,change overview,Change overview,change overview,False
2933219681,rest,approval verdict,Approval verdict,approval verdict,False
2933273723,rest,findings digest,Findings digest,findings digest,False
2933724442,pilot,change overview,Change overview,change overview,False
2963941936,rest,approval verdict,Approval verdict,approval verdict,False
2963943072,rest,approval verdict,Approval verdict,approval verdict,False
3007341368,pilot,change overview,Change overview,change overview,False
2937659506,pilot,change overview,Change overview,change overview,False
2938061236,pilot,change overview,Change overview,change overview,False
2941308017,rest,review unavailable,Review unavailable,review unavailable,False
2942970452,pilot,review unavailable,Review unavailable,review unavailable,False
2944200742,rest,change overview,Change overview,change overview,False
2944125852,rest,findings digest,Findings digest,findings digest,False
2947769464,pilot,change overview,Change overview,change overview,False
2947821858,rest,approval verdict,Approval verdict,approval verdict,False
2948065023,rest,findings digest,Findings digest,findings digest,False
2948930004,pilot,findings digest,Findings digest,findings digest,False
2948381014,pilot,change overview,Change overview,change overview,False
2948380498,completion,change overview,change overview,change overview,False
2949046487,completion,change overview,change overview,change overview,False
2950689135,completion,findings digest,findings digest,findings digest,False
2968137841,completion,change overview,change overview,change overview,False
2951845255,completion,change overview,change overview,change overview,False
2951845513,completion,change overview,change overview,change overview,False
2956997949,completion,findings digest,findings digest,findings digest,False
2970779521,completion,change overview,change overview,change overview,False
2953540849,completion,findings digest,findings digest,findings digest,False
2953672550,completion,findings digest,findings digest,findings digest,False
2953808257,completion,findings digest,findings digest,findings digest,False
2954188884,completion,findings digest,findings digest,findings digest,False
2953657043,completion,findings digest,findings digest,findings digest,False
2954941038,completion,findings digest,findings digest,findings digest,False
2955385210,completion,change overview,change overview,change overview,False
2955306622,completion,change overview,change overview,change overview,False
2968463922,completion,findings digest,findings digest,findings digest,False
2957755848,completion,findings digest,findings digest,findings digest,False
2968467768,completion,findings digest,findings digest,findings digest,False
2957754281,completion,approval verdict,approval verdict,approval verdict,False
2968471585,completion,findings digest,findings digest,findings digest,False
2961901243,completion,change overview,change overview,change overview,False
2960236669,completion,change overview,change overview,change overview,False
3086470677,completion,change overview,change overview,change overview,False
2962619853,completion,change overview,change overview,change overview,False
2963140850,completion,findings digest,findings digest,findings digest,False
2963052545,completion,findings digest,findings digest,findings digest,False
2963698964,completion,findings digest,findings digest,findings digest,False
2966638163,completion,change overview,change overview,change overview,False
3104833443,completion,change overview,change overview,change overview,False
2969214606,completion,change overview,change overview,change overview,False
2983368837,completion,change overview,change overview,change overview,False
2966343937,completion,change overview,change overview,change overview,False
2966815156,completion,change overview,change overview,change overview,False
2971337971,completion,change overview,change overview,change overview,False
2969610524,completion,change overview,change overview,change overview,False
2972962398,completion,findings digest,findings digest,findings digest,False
2973332702,completion,findings digest,findings digest,findings digest,False
2973388219,completion,change overview,change overview,change overview,False
2973635361,completion,findings digest,findings digest,findings digest,False
2974052139,completion,findings digest,findings digest,findings digest,False
2979379975,completion,change overview,change overview,change overview,False
2979376238,completion,change overview,change overview,change overview,False
2979681709,completion,findings digest,findings digest,findings digest,False
2978826451,completion,review unavailable,review unavailable,review unavailable,False
2982133638,completion,findings digest,findings digest,findings digest,False
2980172997,completion,findings digest,findings digest,findings digest,False
2980160192,completion,findings digest,findings digest,findings digest,False
2980630553,completion,findings digest,findings digest,findings digest,False
2981750416,completion,change overview,change overview,change overview,False
2981770140,completion,change overview,change overview,change overview,False
2982302399,completion,change overview,change overview,change overview,False
3026427479,completion,findings digest,findings digest,findings digest,False
2982890739,completion,change overview,change overview,change overview,False
2990722644,completion,findings digest,findings digest,findings digest,False
2990718954,completion,findings digest,findings digest,findings digest,False
2985807190,completion,change overview,change overview,change overview,False
3030272201,completion,change overview,change overview,change overview,False
3108611775,completion,change overview,change overview,change overview,False
2987299194,completion,change overview,change overview,change overview,False
2987842213,completion,review unavailable,review unavailable,review unavailable,False
2989692710,completion,findings digest,findings digest,findings digest,False
2990931487,completion,change overview,change overview,change overview,False
2990949543,completion,findings digest,findings digest,findings digest,False
2991049707,completion,findings digest,findings digest,findings digest,False
2991120063,completion,change overview,change overview,change overview,False
2991417040,completion,findings digest,findings digest,findings digest,False
3149102770,completion,change overview,change overview,change overview,False
2994071516,completion,findings digest,findings digest,findings digest,False
2994216671,completion,findings digest,findings digest,findings digest,False
2994469256,completion,findings digest,findings digest,findings digest,False
2994851324,completion,review unavailable,review unavailable,review unavailable,False
2995877038,completion,change overview,change overview,change overview,False
3002640578,completion,change overview,change overview,change overview,False
3009212164,completion,findings digest,findings digest,findings digest,False
3036369778,completion,verification report,findings digest,findings digest,True
3008631652,completion,findings digest,findings digest,findings digest,False
3027815543,completion,findings digest,findings digest,findings digest,False
3003529889,completion,findings digest,findings digest,findings digest,False
3022929244,completion,findings digest,findings digest,findings digest,False
2995820199,completion,change overview,change overview,change overview,False
2995884233,completion,change overview,change overview,change overview,False
3099788633,completion,change overview,change overview,change overview,False
2998643144,completion,review unavailable,review unavailable,review unavailable,False
3000350246,completion,change overview,change overview,change overview,False
3000609608,completion,findings digest,findings digest,findings digest,False
3000707808,completion,findings digest,findings digest,findings digest,False
3000953461,completion,findings digest,findings digest,findings digest,False
3002608209,completion,findings digest,findings digest,findings digest,False
3002457105,completion,findings digest,findings digest,findings digest,False
3002025077,completion,findings digest,findings digest,findings digest,False
3078356145,completion,change overview,change overview,change overview,False
3008078111,completion,change overview,change overview,change overview,False
3008457040,completion,change overview,change overview,change overview,False
3009682618,completion,findings digest,findings digest,findings digest,False
3011067083,completion,change overview,change overview,change overview,False
3012514732,completion,findings digest,findings digest,findings digest,False
3012973027,completion,change overview,change overview,change overview,False
3013033460,completion,findings digest,findings digest,findings digest,False
3035427988,completion,findings digest,findings digest,findings digest,False
3036103347,completion,findings digest,findings digest,findings digest,False
3035430922,completion,findings digest,findings digest,findings digest,False
3013112797,completion,findings digest,findings digest,findings digest,False
3013105880,completion,findings digest,findings digest,findings digest,False
3013331703,completion,findings digest,findings digest,findings digest,False
3013184645,completion,findings digest,findings digest,findings digest,False
3013282973,completion,findings digest,findings digest,findings digest,False
3013245225,completion,findings digest,findings digest,findings digest,False
3013781015,completion,change overview,change overview,change overview,False
3013339361,completion,findings digest,findings digest,findings digest,False
3013390029,completion,findings digest,findings digest,findings digest,False
3014315354,completion,findings digest,findings digest,findings digest,False
3062748970,completion,change overview,change overview,change overview,False
3013974732,completion,findings digest,findings digest,findings digest,False
3014266563,completion,findings digest,change overview,change overview,True
3014043515,completion,change overview,change overview,change overview,False
3014277917,completion,findings digest,findings digest,findings digest,False
3014518210,completion,findings digest,findings digest,findings digest,False
3039713700,completion,findings digest,change overview,change overview,True
3033281350,completion,findings digest,findings digest,findings digest,False
3014994007,completion,findings digest,findings digest,findings digest,False
3015600457,completion,change overview,change overview,change overview,False
3015332619,completion,review unavailable,review unavailable,review unavailable,False
3015332159,completion,review unavailable,review unavailable,review unavailable,False
3059665512,completion,approval verdict,approval verdict,approval verdict,False
3017445931,completion,findings digest,findings digest,findings digest,False
3021897880,completion,findings digest,findings digest,findings digest,False
3018774118,completion,change overview,change overview,change overview,False
3181310904,completion,change overview,change overview,change overview,False
3183594800,completion,change overview,change overview,change overview,False
3019154880,completion,findings digest,change overview,change overview,True
3020217735,completion,findings digest,findings digest,findings digest,False
3021998321,completion,findings digest,findings digest,findings digest,False
3021820355,completion,findings digest,findings digest,findings digest,False
3025311978,completion,findings digest,findings digest,findings digest,False
3025726560,completion,change overview,change overview,change overview,False
3027961164,completion,change overview,change overview,change overview,False
3027854768,completion,verification report,change overview,change overview,True
3030594413,completion,findings digest,findings digest,findings digest,False
3030845309,completion,findings digest,findings digest,findings digest,False
3031403903,completion,findings digest,findings digest,findings digest,False
3031565532,completion,findings digest,findings digest,findings digest,False
3035119897,completion,change overview,change overview,change overview,False
3035082987,completion,change overview,change overview,change overview,False
3032690199,completion,findings digest,findings digest,findings digest,False
3034957854,completion,findings digest,findings digest,findings digest,False
3034164762,completion,findings digest,findings digest,findings digest,False
3113131343,completion,change overview,change overview,change overview,False
3045139093,completion,findings digest,findings digest,findings digest,False
3039407562,completion,findings digest,findings digest,findings digest,False
3036085358,completion,approval verdict,approval verdict,approval verdict,False
3036081139,completion,findings digest,findings digest,findings digest,False
3037447589,completion,review unavailable,review unavailable,review unavailable,False
3038632095,completion,change overview,change overview,change overview,False
3098152954,completion,change overview,change overview,change overview,False
3065419827,completion,change overview,change overview,change overview,False
3072980075,completion,change overview,change overview,change overview,False
3045741432,completion,change overview,change overview,change overview,False
3043398058,completion,change overview,change overview,change overview,False
3054788186,completion,change overview,change overview,change overview,False
3203205775,completion,change overview,change overview,change overview,False
3049820926,completion,change overview,change overview,change overview,False
3046465638,completion,findings digest,findings digest,findings digest,False
3046881448,completion,change overview,change overview,change overview,False
3047486436,completion,verification report,change overview,change overview,True
3048725234,completion,change overview,change overview,change overview,False
3050508701,completion,change overview,change overview,change overview,False
3058917429,completion,platform notice,platform notice,platform notice,False
3059745082,completion,change overview,change overview,change overview,False
3059871650,completion,change overview,change overview,change overview,False
3085971858,completion,change overview,change overview,change overview,False
3381168792,completion,change overview,change overview,change overview,False
3077754176,completion,platform notice,platform notice,platform notice,False
3071521969,completion,change overview,change overview,change overview,False
3070354331,completion,change overview,change overview,change overview,False
