# RQ3 | adjudication log of the role coding (arbitrated units)
unit_id,pass1,pass2,arbitrated
2102938434,code feedback,question,code feedback
2173923183,direction to an agent,brief remark,brief remark
2156533406,code feedback,decision,decision
2127404932,decision,brief remark,brief remark
2208102269,code feedback,brief remark,code feedback
2172966193,code feedback,decision,code feedback
2218435793,code feedback,question,code feedback
2180602348,decision,brief remark,decision
2242169176,code feedback,decision,decision
2217804710,code feedback,decision,code feedback
2112999170,decision,brief remark,decision
2205488709,code feedback,decision,code feedback
2132367700,code feedback,decision,code feedback
2179690952,direction to an agent,question,question
2238918134,decision,code feedback,code feedback
2230673351,decision,code feedback,decision
2192595500,direction to an agent,decision,direction to an agent
2101027615,direction to an agent,decision,direction to an agent
2106207014,code feedback,decision,code feedback
2102194793,direction to an agent,brief remark,brief remark
2102557286,decision,code feedback,code feedback
2212006523,code feedback,decision,code feedback
2175625650,code feedback,brief remark,code feedback
2185018298,direction to an agent,code feedback,direction to an agent
2223708272,decision,code feedback,decision
2127268733,brief remark,decision,decision
2137145484,direction to an agent,question,direction to an agent
2138906465,code feedback,decision,code feedback
2172533870,decision,brief remark,brief remark
2107804128,code feedback,brief remark,decision
2231780696,direction to an agent,brief remark,brief remark
2193591628,code feedback,decision,code feedback
2138278202,direction to an agent,code feedback,code feedback
2215998734,code feedback,direction to an agent,direction to an agent
2102925982,direction to an agent,code feedback,direction to an agent
2097932542,direction to an agent,decision,decision
2150020817,direction to an agent,code feedback,code feedback
2110909629,code feedback,decision,code feedback
2100010661,question,decision,question
2191074335,code feedback,brief remark,code feedback
2125769446,code feedback,brief remark,decision
2178524599,code feedback,direction to an agent,direction to an agent
