# RQ3 | role coding, adjudicated labels of record (316 replies)
unit_id,label
2094584796,decision
2095092096,brief remark
2095387083,question
2096509755,decision
2096655532,question
2096806874,direction to an agent
2097463912,direction to an agent
2097674873,brief remark
2097677684,direction to an agent
2097932542,decision
2098032666,code feedback
2098438115,direction to an agent
2098491977,code feedback
2098573409,question
2098696688,question
2098759532,brief remark
2099607771,direction to an agent
2099853342,question
2100010661,question
2100035030,direction to an agent
2101027615,direction to an agent
2101089673,code feedback
2101132648,code feedback
2101152473,code feedback
2101225197,decision
2101365480,code feedback
2101465856,decision
2101553219,decision
2101628209,direction to an agent
2101765713,direction to an agent
2102150341,decision
2102194793,brief remark
2102557286,code feedback
2102925982,direction to an agent
2102929514,code feedback
2102938434,code feedback
2102947654,brief remark
2103540888,direction to an agent
2103549096,direction to an agent
2103635671,direction to an agent
2103648088,direction to an agent
2103648186,direction to an agent
2103909081,direction to an agent
2103968228,code feedback
2104008125,code feedback
2104376650,direction to an agent
2104733871,question
2104855541,question
2105036934,direction to an agent
2105504501,code feedback
2106207014,code feedback
2106335040,direction to an agent
2106366734,brief remark
2107408308,code feedback
2107584383,brief remark
2107707325,code feedback
2107804128,decision
2107947751,brief remark
2109401947,brief remark
2109623459,code feedback
2109686515,code feedback
2110909629,code feedback
2112463889,code feedback
2112999170,decision
2113121330,brief remark
2113529319,code feedback
2114446146,brief remark
2114625715,direction to an agent
2114835043,direction to an agent
2116253554,direction to an agent
2116631972,decision
2118061989,code feedback
2118069777,code feedback
2118069848,decision
2119190845,code feedback
2121573895,direction to an agent
2122371432,code feedback
2124621779,direction to an agent
2124962472,decision
2125160120,code feedback
2125769446,decision
2126964514,decision
2127268733,decision
2127404932,brief remark
2127423274,code feedback
2127424671,code feedback
2129370215,code feedback
2129688567,question
2130395155,brief remark
2132332976,brief remark
2132367700,code feedback
2132971506,direction to an agent
2133241009,question
2133241309,question
2133243401,question
2134557773,decision
2134854867,code feedback
2137145484,direction to an agent
2137502251,question
2138278202,code feedback
2138704051,brief remark
2138906465,code feedback
2138924655,brief remark
2138935278,decision
2138952541,question
2139012579,brief remark
2139233160,code feedback
2139541138,question
2139576633,brief remark
2140479702,decision
2140810139,brief remark
2140877108,decision
2140883020,decision
2141007340,decision
2141129630,direction to an agent
2141160198,question
2141755976,brief remark
2142149679,question
2142150611,decision
2143144729,code feedback
2143688263,code feedback
2143798219,brief remark
2144137076,brief remark
2145520143,code feedback
2145703675,decision
2145704873,decision
2145932001,direction to an agent
2146066720,direction to an agent
2146712137,direction to an agent
2150020817,code feedback
2150151942,direction to an agent
2150178134,decision
2150192222,direction to an agent
2150299032,brief remark
2150734996,code feedback
2151119663,code feedback
2152471233,direction to an agent
2153454604,decision
2153510194,brief remark
2154819974,code feedback
2155177558,question
2155180412,question
2156390048,direction to an agent
2156399182,decision
2156533406,decision
2156660565,question
2156945180,brief remark
2157574422,direction to an agent
2158075996,decision
2158099794,question
2158251116,direction to an agent
2159260147,code feedback
2160513916,direction to an agent
2161597182,code feedback
2161671646,brief remark
2162398943,direction to an agent
2164230263,decision
2164897970,brief remark
2165152957,direction to an agent
2166035674,brief remark
2166038017,brief remark
2168314887,direction to an agent
2169567219,brief remark
2169591356,decision
2169591601,decision
2169701329,direction to an agent
2169952344,direction to an agent
2170409363,question
2172150908,direction to an agent
2172246784,question
2172501602,code feedback
2172531870,decision
2172533870,brief remark
2172963892,code feedback
2172966193,code feedback
2173008856,code feedback
2173112610,question
2173923183,brief remark
2173992465,decision
2174067176,direction to an agent
2174230450,direction to an agent
2175625650,code feedback
2176082793,code feedback
2176165238,question
2176628561,decision
2177795578,brief remark
2179379300,question
2179447609,decision
2179690952,question
2180599914,decision
2180602348,decision
2180644575,code feedback
2180645941,brief remark
2180656400,code feedback
2180668156,code feedback
2180784191,direction to an agent
2180857447,code feedback
2181156565,decision
2181927237,code feedback
2182077834,question
2182169132,decision
2182823591,code feedback
2183406696,question
2183687964,decision
2184780493,direction to an agent
2184948436,direction to an agent
2185018298,direction to an agent
2187376415,code feedback
2188508341,direction to an agent
2190952787,code feedback
2190953225,brief remark
2190959380,decision
2190959593,direction to an agent
2190965812,question
2191074335,code feedback
2191081892,decision
2191439088,decision
2192595500,direction to an agent
2193591628,code feedback
2193940415,code feedback
2194767023,code feedback
2195600430,question
2196177645,question
2196342108,direction to an agent
2197874206,code feedback
2197875913,code feedback
2199950145,question
2201245507,direction to an agent
2201343931,brief remark
2202531014,decision
2203380610,direction to an agent
2204894407,direction to an agent
2204952670,direction to an agent
2205467057,direction to an agent
2205488709,code feedback
2205581363,direction to an agent
2206668616,decision
2207881458,decision
2208102269,code feedback
2209635832,direction to an agent
2210955656,direction to an agent
2211077232,decision
2212003887,code feedback
2212006523,code feedback
2212320024,brief remark
2212403870,decision
2213036684,code feedback
2213797746,direction to an agent
2215537232,direction to an agent
2215998734,direction to an agent
2216120021,question
2216174653,code feedback
2216302505,code feedback
2216396463,code feedback
2216412421,decision
2216954193,code feedback
2217804710,code feedback
2218435793,code feedback
2218439550,question
2218999636,brief remark
2220868567,code feedback
2222255413,direction to an agent
2222651389,code feedback
2223361801,question
2223708272,decision
2224054735,code feedback
2224686929,decision
2225632079,code feedback
2228606057,direction to an agent
2230096379,question
2230294905,code feedback
2230673351,decision
2231239110,direction to an agent
2231534450,code feedback
2231780376,decision
2231780696,brief remark
2231874221,brief remark
2231876414,brief remark
2231877853,code feedback
2232957800,question
2232973294,code feedback
2233317338,direction to an agent
2233627251,direction to an agent
2233627319,direction to an agent
2234870930,decision
2235701226,brief remark
2236936086,brief remark
2237129800,code feedback
2237132698,code feedback
2237506723,brief remark
2237676025,brief remark
2238588100,decision
2238918134,code feedback
2239738027,direction to an agent
2240771551,brief remark
2240790000,direction to an agent
2240834520,brief remark
2241257739,decision
2242169176,decision
2242309057,direction to an agent
2244151899,code feedback
2244161776,brief remark
2245970312,question
2246155524,direction to an agent
2247212329,direction to an agent
2247246266,direction to an agent
2247992319,direction to an agent
2097368267,decision
2107936453,code feedback
2121799465,decision
2146035789,question
2150956498,code feedback
2174066948,brief remark
2178524599,direction to an agent
2178900161,code feedback
2204589391,brief remark
