unit_id,passA,passB,final,reason
2098124955,Code-issue feedback,Improvement suggestion,Code-issue feedback,arbitrator confirmed annotator A per codebook R6/R8 boundary rules
2098491986,Improvement suggestion,Code-issue feedback,Improvement suggestion,arbitrator confirmed annotator A per codebook R6/R8 boundary rules
2098532525,Code-issue feedback,Improvement suggestion,Code-issue feedback,arbitrator confirmed annotator A per codebook R6/R8 boundary rules
2102631215,Code-issue feedback,Improvement suggestion,Code-issue feedback,arbitrator confirmed annotator A per codebook R6/R8 boundary rules
2110794836,Improvement suggestion,Other,Improvement suggestion,arbitrator confirmed annotator A per codebook R6/R8 boundary rules
2110914413,Other,Improvement suggestion,Response to feedback,conversational reply engaging a raised point; no concrete proposal for the diff -> Response to feedback
2122167580,Improvement suggestion,Code-issue feedback,Improvement suggestion,arbitrator confirmed annotator A per codebook R6/R8 boundary rules
2123254668,Code-issue feedback,Improvement suggestion,Code-issue feedback,arbitrator confirmed annotator A per codebook R6/R8 boundary rules
2137503234,Response to feedback,Other,Response to feedback,arbitrator confirmed annotator A per codebook R6/R8 boundary rules
2140477285,Response to feedback,Other,Response to feedback,arbitrator confirmed annotator A per codebook R6/R8 boundary rules
2140481054,Response to feedback,Other,Response to feedback,arbitrator confirmed annotator A per codebook R6/R8 boundary rules
2140877578,Response to feedback,Other,Response to feedback,arbitrator confirmed annotator A per codebook R6/R8 boundary rules
2151171666,Response to feedback,Improvement suggestion,Response to feedback,arbitrator confirmed annotator A per codebook R6/R8 boundary rules
2160027558,Response to feedback,Explanation,Response to feedback,arbitrator confirmed annotator A per codebook R6/R8 boundary rules
2168315092,Other,Improvement suggestion,Other,arbitrator confirmed annotator A per codebook R6/R8 boundary rules
2232957952,Clarification/question,Improvement suggestion,Workflow/verification report,body relays the outcome of a script the reviewer ran -> Workflow/verification report (both passes missed R5)
2240632464,Response to feedback,Explanation,Response to feedback,arbitrator confirmed annotator A per codebook R6/R8 boundary rules
