unit_id,passA,passB,final
2094158077,Improvement suggestion,Improvement suggestion,Improvement suggestion
2094167305,Improvement suggestion,Improvement suggestion,Improvement suggestion
2094179342,Improvement suggestion,Improvement suggestion,Improvement suggestion
2094201189,Improvement suggestion,Improvement suggestion,Improvement suggestion
2094201190,Improvement suggestion,Improvement suggestion,Improvement suggestion
2094297020,Improvement suggestion,Improvement suggestion,Improvement suggestion
2094413997,Improvement suggestion,Improvement suggestion,Improvement suggestion
2094586511,Improvement suggestion,Improvement suggestion,Improvement suggestion
2094620067,Improvement suggestion,Improvement suggestion,Improvement suggestion
2094622430,Improvement suggestion,Improvement suggestion,Improvement suggestion
2094624875,Improvement suggestion,Improvement suggestion,Improvement suggestion
2094627558,Improvement suggestion,Improvement suggestion,Improvement suggestion
2094627560,Improvement suggestion,Improvement suggestion,Improvement suggestion
2094628588,Improvement suggestion,Improvement suggestion,Improvement suggestion
2094646156,Improvement suggestion,Improvement suggestion,Improvement suggestion
2094656297,Improvement suggestion,Improvement suggestion,Improvement suggestion
2094736365,Improvement suggestion,Improvement suggestion,Improvement suggestion
2094823964,Improvement suggestion,Improvement suggestion,Improvement suggestion
2094832880,Improvement suggestion,Improvement suggestion,Improvement suggestion
2094881356,Improvement suggestion,Improvement suggestion,Improvement suggestion
2094998333,Improvement suggestion,Improvement suggestion,Improvement suggestion
2094998366,Improvement suggestion,Improvement suggestion,Improvement suggestion
2095162275,Improvement suggestion,Improvement suggestion,Improvement suggestion
2095824653,Improvement suggestion,Improvement suggestion,Improvement suggestion
2096065456,Improvement suggestion,Improvement suggestion,Improvement suggestion
2096413563,Improvement suggestion,Improvement suggestion,Improvement suggestion
2096521689,Improvement suggestion,Improvement suggestion,Improvement suggestion
2096539159,Improvement suggestion,Improvement suggestion,Improvement suggestion
2096605572,Improvement suggestion,Improvement suggestion,Improvement suggestion
2097110191,Improvement suggestion,Improvement suggestion,Improvement suggestion
2097960519,Improvement suggestion,Improvement suggestion,Improvement suggestion
2098124952,Improvement suggestion,Improvement suggestion,Improvement suggestion
2098124955,Code-issue feedback,Improvement suggestion,Code-issue feedback
2098124958,Improvement suggestion,Improvement suggestion,Improvement suggestion
2098456740,Improvement suggestion,Improvement suggestion,Improvement suggestion
2098491986,Improvement suggestion,Code-issue feedback,Improvement suggestion
2098639377,Improvement suggestion,Improvement suggestion,Improvement suggestion
2099171092,Improvement suggestion,Improvement suggestion,Improvement suggestion
2099276380,Improvement suggestion,Improvement suggestion,Improvement suggestion
2100766768,Improvement suggestion,Improvement suggestion,Improvement suggestion
2100912221,Improvement suggestion,Improvement suggestion,Improvement suggestion
2100919672,Improvement suggestion,Improvement suggestion,Improvement suggestion
2101262489,Improvement suggestion,Improvement suggestion,Improvement suggestion
2101377926,Improvement suggestion,Improvement suggestion,Improvement suggestion
2101549150,Improvement suggestion,Improvement suggestion,Improvement suggestion
2102631215,Code-issue feedback,Improvement suggestion,Code-issue feedback
2103648509,Improvement suggestion,Improvement suggestion,Improvement suggestion
2104183949,Improvement suggestion,Improvement suggestion,Improvement suggestion
2105309532,Improvement suggestion,Improvement suggestion,Improvement suggestion
2106193610,Improvement suggestion,Improvement suggestion,Improvement suggestion
2106281494,Improvement suggestion,Improvement suggestion,Improvement suggestion
2106829609,Improvement suggestion,Improvement suggestion,Improvement suggestion
2107559936,Improvement suggestion,Improvement suggestion,Improvement suggestion
2108363175,Improvement suggestion,Improvement suggestion,Improvement suggestion
2108953167,Improvement suggestion,Improvement suggestion,Improvement suggestion
2110229619,Improvement suggestion,Improvement suggestion,Improvement suggestion
2110484096,Improvement suggestion,Improvement suggestion,Improvement suggestion
2110754209,Improvement suggestion,Improvement suggestion,Improvement suggestion
2110794814,Improvement suggestion,Improvement suggestion,Improvement suggestion
2110794818,Improvement suggestion,Improvement suggestion,Improvement suggestion
2110794836,Improvement suggestion,Other,Improvement suggestion
2110914413,Other,Improvement suggestion,Response to feedback
2111790824,Improvement suggestion,Improvement suggestion,Improvement suggestion
2113917851,Improvement suggestion,Improvement suggestion,Improvement suggestion
2115615479,Improvement suggestion,Improvement suggestion,Improvement suggestion
2115617099,Improvement suggestion,Improvement suggestion,Improvement suggestion
2115935741,Improvement suggestion,Improvement suggestion,Improvement suggestion
2115935754,Improvement suggestion,Improvement suggestion,Improvement suggestion
2117738763,Improvement suggestion,Improvement suggestion,Improvement suggestion
2121394686,Improvement suggestion,Improvement suggestion,Improvement suggestion
2122165031,Improvement suggestion,Improvement suggestion,Improvement suggestion
2122167580,Improvement suggestion,Code-issue feedback,Improvement suggestion
2125677363,Improvement suggestion,Improvement suggestion,Improvement suggestion
2125677572,Improvement suggestion,Improvement suggestion,Improvement suggestion
2125712115,Improvement suggestion,Improvement suggestion,Improvement suggestion
2125966229,Improvement suggestion,Improvement suggestion,Improvement suggestion
2126270636,Improvement suggestion,Improvement suggestion,Improvement suggestion
2126289403,Improvement suggestion,Improvement suggestion,Improvement suggestion
2126438563,Improvement suggestion,Improvement suggestion,Improvement suggestion
2126957843,Improvement suggestion,Improvement suggestion,Improvement suggestion
2126957885,Improvement suggestion,Improvement suggestion,Improvement suggestion
2126966825,Improvement suggestion,Improvement suggestion,Improvement suggestion
2127392685,Improvement suggestion,Improvement suggestion,Improvement suggestion
2127549215,Improvement suggestion,Improvement suggestion,Improvement suggestion
2127585699,Improvement suggestion,Improvement suggestion,Improvement suggestion
2127907974,Improvement suggestion,Improvement suggestion,Improvement suggestion
2127935690,Improvement suggestion,Improvement suggestion,Improvement suggestion
2127972434,Improvement suggestion,Improvement suggestion,Improvement suggestion
2127974731,Improvement suggestion,Improvement suggestion,Improvement suggestion
2128048232,Improvement suggestion,Improvement suggestion,Improvement suggestion
2128048266,Improvement suggestion,Improvement suggestion,Improvement suggestion
2128106990,Improvement suggestion,Improvement suggestion,Improvement suggestion
2129356512,Improvement suggestion,Improvement suggestion,Improvement suggestion
2131469042,Improvement suggestion,Improvement suggestion,Improvement suggestion
2133197727,Response to feedback,Response to feedback,Response to feedback
2134416201,Improvement suggestion,Improvement suggestion,Improvement suggestion
2134439921,Improvement suggestion,Improvement suggestion,Improvement suggestion
2134833136,Improvement suggestion,Improvement suggestion,Improvement suggestion
2134833141,Improvement suggestion,Improvement suggestion,Improvement suggestion
2135027307,Improvement suggestion,Improvement suggestion,Improvement suggestion
2136079532,Improvement suggestion,Improvement suggestion,Improvement suggestion
2136155150,Improvement suggestion,Improvement suggestion,Improvement suggestion
2136393913,Improvement suggestion,Improvement suggestion,Improvement suggestion
2136393923,Improvement suggestion,Improvement suggestion,Improvement suggestion
2136415625,Response to feedback,Response to feedback,Response to feedback
2136607021,Improvement suggestion,Improvement suggestion,Improvement suggestion
2136638302,Improvement suggestion,Improvement suggestion,Improvement suggestion
2136846138,Improvement suggestion,Improvement suggestion,Improvement suggestion
2136879664,Improvement suggestion,Improvement suggestion,Improvement suggestion
2137253155,Improvement suggestion,Improvement suggestion,Improvement suggestion
2137503234,Response to feedback,Other,Response to feedback
2137934330,Platform notice,Platform notice,Platform notice
2138487046,Improvement suggestion,Improvement suggestion,Improvement suggestion
2138733070,Improvement suggestion,Improvement suggestion,Improvement suggestion
2138733078,Improvement suggestion,Improvement suggestion,Improvement suggestion
2138826104,Improvement suggestion,Improvement suggestion,Improvement suggestion
2138845505,Improvement suggestion,Improvement suggestion,Improvement suggestion
2138845519,Improvement suggestion,Improvement suggestion,Improvement suggestion
2139381106,Improvement suggestion,Improvement suggestion,Improvement suggestion
2140417505,Improvement suggestion,Improvement suggestion,Improvement suggestion
2140477285,Response to feedback,Other,Response to feedback
2140481054,Response to feedback,Other,Response to feedback
2140685781,Improvement suggestion,Improvement suggestion,Improvement suggestion
2140849941,Improvement suggestion,Improvement suggestion,Improvement suggestion
2140850000,Improvement suggestion,Improvement suggestion,Improvement suggestion
2140877578,Response to feedback,Other,Response to feedback
2141315591,Improvement suggestion,Improvement suggestion,Improvement suggestion
2141315593,Improvement suggestion,Improvement suggestion,Improvement suggestion
2141814425,Improvement suggestion,Improvement suggestion,Improvement suggestion
2143506647,Improvement suggestion,Improvement suggestion,Improvement suggestion
2143506657,Improvement suggestion,Improvement suggestion,Improvement suggestion
2143713314,Improvement suggestion,Improvement suggestion,Improvement suggestion
2143713461,Improvement suggestion,Improvement suggestion,Improvement suggestion
2144673032,Improvement suggestion,Improvement suggestion,Improvement suggestion
2144728135,Improvement suggestion,Improvement suggestion,Improvement suggestion
2145261897,Improvement suggestion,Improvement suggestion,Improvement suggestion
2145565232,Improvement suggestion,Improvement suggestion,Improvement suggestion
2145695689,Improvement suggestion,Improvement suggestion,Improvement suggestion
2146803133,Improvement suggestion,Improvement suggestion,Improvement suggestion
2146820927,Improvement suggestion,Improvement suggestion,Improvement suggestion
2146821505,Improvement suggestion,Improvement suggestion,Improvement suggestion
2146821507,Improvement suggestion,Improvement suggestion,Improvement suggestion
2146833644,Improvement suggestion,Improvement suggestion,Improvement suggestion
2147365779,Improvement suggestion,Improvement suggestion,Improvement suggestion
2147365784,Improvement suggestion,Improvement suggestion,Improvement suggestion
2147365787,Improvement suggestion,Improvement suggestion,Improvement suggestion
2147372868,Improvement suggestion,Improvement suggestion,Improvement suggestion
2147460393,Improvement suggestion,Improvement suggestion,Improvement suggestion
2147729088,Improvement suggestion,Improvement suggestion,Improvement suggestion
2148806502,Improvement suggestion,Improvement suggestion,Improvement suggestion
2148806505,Improvement suggestion,Improvement suggestion,Improvement suggestion
2149167129,Improvement suggestion,Improvement suggestion,Improvement suggestion
2149167137,Improvement suggestion,Improvement suggestion,Improvement suggestion
2149167152,Improvement suggestion,Improvement suggestion,Improvement suggestion
2149399522,Improvement suggestion,Improvement suggestion,Improvement suggestion
2151171666,Response to feedback,Improvement suggestion,Response to feedback
2151194308,Improvement suggestion,Improvement suggestion,Improvement suggestion
2151195770,Improvement suggestion,Improvement suggestion,Improvement suggestion
2151384501,Improvement suggestion,Improvement suggestion,Improvement suggestion
2151601383,Improvement suggestion,Improvement suggestion,Improvement suggestion
2152263262,Improvement suggestion,Improvement suggestion,Improvement suggestion
2153309637,Improvement suggestion,Improvement suggestion,Improvement suggestion
2153526228,Improvement suggestion,Improvement suggestion,Improvement suggestion
2155514163,Improvement suggestion,Improvement suggestion,Improvement suggestion
2155692116,Improvement suggestion,Improvement suggestion,Improvement suggestion
2156427682,Improvement suggestion,Improvement suggestion,Improvement suggestion
2157737578,Improvement suggestion,Improvement suggestion,Improvement suggestion
2157737580,Improvement suggestion,Improvement suggestion,Improvement suggestion
2159619831,Improvement suggestion,Improvement suggestion,Improvement suggestion
2159742297,Improvement suggestion,Improvement suggestion,Improvement suggestion
2160027558,Response to feedback,Explanation,Response to feedback
2160222506,Improvement suggestion,Improvement suggestion,Improvement suggestion
2160226296,Improvement suggestion,Improvement suggestion,Improvement suggestion
2162930296,Change acknowledgment,Change acknowledgment,Change acknowledgment
2162930301,Change acknowledgment,Change acknowledgment,Change acknowledgment
2162930308,Change acknowledgment,Change acknowledgment,Change acknowledgment
2164214605,Improvement suggestion,Improvement suggestion,Improvement suggestion
2167650520,Improvement suggestion,Improvement suggestion,Improvement suggestion
2168238821,Improvement suggestion,Improvement suggestion,Improvement suggestion
2168238823,Improvement suggestion,Improvement suggestion,Improvement suggestion
2168315092,Other,Improvement suggestion,Other
2168859919,Improvement suggestion,Improvement suggestion,Improvement suggestion
2168859941,Improvement suggestion,Improvement suggestion,Improvement suggestion
2173565904,Code-issue feedback,Code-issue feedback,Code-issue feedback
2173565908,Improvement suggestion,Improvement suggestion,Improvement suggestion
2173674928,Improvement suggestion,Improvement suggestion,Improvement suggestion
2173792021,Improvement suggestion,Improvement suggestion,Improvement suggestion
2173826490,Improvement suggestion,Improvement suggestion,Improvement suggestion
2175328936,Improvement suggestion,Improvement suggestion,Improvement suggestion
2175328945,Improvement suggestion,Improvement suggestion,Improvement suggestion
2175328948,Improvement suggestion,Improvement suggestion,Improvement suggestion
2175328983,Improvement suggestion,Improvement suggestion,Improvement suggestion
2175687619,Improvement suggestion,Improvement suggestion,Improvement suggestion
2175687654,Improvement suggestion,Improvement suggestion,Improvement suggestion
2176250130,Improvement suggestion,Improvement suggestion,Improvement suggestion
2176323506,Improvement suggestion,Improvement suggestion,Improvement suggestion
2176855015,Improvement suggestion,Improvement suggestion,Improvement suggestion
2177204279,Improvement suggestion,Improvement suggestion,Improvement suggestion
2178123390,Improvement suggestion,Improvement suggestion,Improvement suggestion
2178165144,Improvement suggestion,Improvement suggestion,Improvement suggestion
2178165162,Improvement suggestion,Improvement suggestion,Improvement suggestion
2179513302,Improvement suggestion,Improvement suggestion,Improvement suggestion
2182540170,Improvement suggestion,Improvement suggestion,Improvement suggestion
2182645588,Improvement suggestion,Improvement suggestion,Improvement suggestion
2182714550,Improvement suggestion,Improvement suggestion,Improvement suggestion
2183703742,Improvement suggestion,Improvement suggestion,Improvement suggestion
2183705315,Improvement suggestion,Improvement suggestion,Improvement suggestion
2184125777,Improvement suggestion,Improvement suggestion,Improvement suggestion
2184125778,Improvement suggestion,Improvement suggestion,Improvement suggestion
2186750827,Improvement suggestion,Improvement suggestion,Improvement suggestion
2186750836,Improvement suggestion,Improvement suggestion,Improvement suggestion
2187012550,Improvement suggestion,Improvement suggestion,Improvement suggestion
2187045508,Improvement suggestion,Improvement suggestion,Improvement suggestion
2187045512,Improvement suggestion,Improvement suggestion,Improvement suggestion
2187235663,Improvement suggestion,Improvement suggestion,Improvement suggestion
2187856314,Improvement suggestion,Improvement suggestion,Improvement suggestion
2188517373,Improvement suggestion,Improvement suggestion,Improvement suggestion
2188519192,Improvement suggestion,Improvement suggestion,Improvement suggestion
2188620054,Improvement suggestion,Improvement suggestion,Improvement suggestion
2188781504,Improvement suggestion,Improvement suggestion,Improvement suggestion
2188895075,Improvement suggestion,Improvement suggestion,Improvement suggestion
2189229825,Improvement suggestion,Improvement suggestion,Improvement suggestion
2189229915,Improvement suggestion,Improvement suggestion,Improvement suggestion
2190907109,Improvement suggestion,Improvement suggestion,Improvement suggestion
2190907111,Improvement suggestion,Improvement suggestion,Improvement suggestion
2190913580,Improvement suggestion,Improvement suggestion,Improvement suggestion
2190984512,Improvement suggestion,Improvement suggestion,Improvement suggestion
2191697470,Improvement suggestion,Improvement suggestion,Improvement suggestion
2191711347,Improvement suggestion,Improvement suggestion,Improvement suggestion
2192213558,Improvement suggestion,Improvement suggestion,Improvement suggestion
2192282480,Improvement suggestion,Improvement suggestion,Improvement suggestion
2194251219,Improvement suggestion,Improvement suggestion,Improvement suggestion
2194304906,Improvement suggestion,Improvement suggestion,Improvement suggestion
2195365182,Improvement suggestion,Improvement suggestion,Improvement suggestion
2195365194,Improvement suggestion,Improvement suggestion,Improvement suggestion
2198435674,Improvement suggestion,Improvement suggestion,Improvement suggestion
2199819295,Improvement suggestion,Improvement suggestion,Improvement suggestion
2200931995,Improvement suggestion,Improvement suggestion,Improvement suggestion
2204923571,Improvement suggestion,Improvement suggestion,Improvement suggestion
2205033025,Improvement suggestion,Improvement suggestion,Improvement suggestion
2207320201,Improvement suggestion,Improvement suggestion,Improvement suggestion
2207897039,Improvement suggestion,Improvement suggestion,Improvement suggestion
2208342175,Improvement suggestion,Improvement suggestion,Improvement suggestion
2208342183,Improvement suggestion,Improvement suggestion,Improvement suggestion
2212871139,Improvement suggestion,Improvement suggestion,Improvement suggestion
2216188059,Explanation,Explanation,Explanation
2216331985,Improvement suggestion,Improvement suggestion,Improvement suggestion
2217173194,Improvement suggestion,Improvement suggestion,Improvement suggestion
2217187543,Improvement suggestion,Improvement suggestion,Improvement suggestion
2217760708,Improvement suggestion,Improvement suggestion,Improvement suggestion
2217760711,Improvement suggestion,Improvement suggestion,Improvement suggestion
2217958047,Improvement suggestion,Improvement suggestion,Improvement suggestion
2217980653,Improvement suggestion,Improvement suggestion,Improvement suggestion
2218884880,Improvement suggestion,Improvement suggestion,Improvement suggestion
2219599225,Improvement suggestion,Improvement suggestion,Improvement suggestion
2220344997,Improvement suggestion,Improvement suggestion,Improvement suggestion
2220345033,Improvement suggestion,Improvement suggestion,Improvement suggestion
2220350621,Improvement suggestion,Improvement suggestion,Improvement suggestion
2221999553,Improvement suggestion,Improvement suggestion,Improvement suggestion
2222509125,Improvement suggestion,Improvement suggestion,Improvement suggestion
2222509140,Improvement suggestion,Improvement suggestion,Improvement suggestion
2222569265,Improvement suggestion,Improvement suggestion,Improvement suggestion
2222569315,Improvement suggestion,Improvement suggestion,Improvement suggestion
2222569425,Improvement suggestion,Improvement suggestion,Improvement suggestion
2222569436,Improvement suggestion,Improvement suggestion,Improvement suggestion
2222569459,Improvement suggestion,Improvement suggestion,Improvement suggestion
2222569507,Improvement suggestion,Improvement suggestion,Improvement suggestion
2225487866,Improvement suggestion,Improvement suggestion,Improvement suggestion
2225487883,Improvement suggestion,Improvement suggestion,Improvement suggestion
2225487939,Improvement suggestion,Improvement suggestion,Improvement suggestion
2225487978,Improvement suggestion,Improvement suggestion,Improvement suggestion
2226714826,Improvement suggestion,Improvement suggestion,Improvement suggestion
2226714854,Improvement suggestion,Improvement suggestion,Improvement suggestion
2226714878,Improvement suggestion,Improvement suggestion,Improvement suggestion
2228811101,Code-issue feedback,Code-issue feedback,Code-issue feedback
2229960027,Improvement suggestion,Improvement suggestion,Improvement suggestion
2230869653,Improvement suggestion,Improvement suggestion,Improvement suggestion
2230869703,Improvement suggestion,Improvement suggestion,Improvement suggestion
2231008126,Improvement suggestion,Improvement suggestion,Improvement suggestion
2231697037,Improvement suggestion,Improvement suggestion,Improvement suggestion
2232663600,Improvement suggestion,Improvement suggestion,Improvement suggestion
2232801614,Improvement suggestion,Improvement suggestion,Improvement suggestion
2232957952,Clarification/question,Improvement suggestion,Workflow/verification report
2233164045,Improvement suggestion,Improvement suggestion,Improvement suggestion
2234002147,Code-issue feedback,Code-issue feedback,Code-issue feedback
2235904291,Improvement suggestion,Improvement suggestion,Improvement suggestion
2236249091,Improvement suggestion,Improvement suggestion,Improvement suggestion
2237925588,Improvement suggestion,Improvement suggestion,Improvement suggestion
2238002325,Improvement suggestion,Improvement suggestion,Improvement suggestion
2239488935,Improvement suggestion,Improvement suggestion,Improvement suggestion
2239488988,Improvement suggestion,Improvement suggestion,Improvement suggestion
2239489047,Improvement suggestion,Improvement suggestion,Improvement suggestion
2239489061,Improvement suggestion,Improvement suggestion,Improvement suggestion
2239489095,Improvement suggestion,Improvement suggestion,Improvement suggestion
2239701632,Improvement suggestion,Improvement suggestion,Improvement suggestion
2240549957,Improvement suggestion,Improvement suggestion,Improvement suggestion
2240632464,Response to feedback,Explanation,Response to feedback
2241426787,Improvement suggestion,Improvement suggestion,Improvement suggestion
2241577408,Improvement suggestion,Improvement suggestion,Improvement suggestion
2242528656,Code-issue feedback,Code-issue feedback,Code-issue feedback
2243147935,Improvement suggestion,Improvement suggestion,Improvement suggestion
2243693726,Improvement suggestion,Improvement suggestion,Improvement suggestion
