# RQ3 | reply roles: shares and textual checks
metric,value
sampled human replies,316
code feedback share (%),27.8
direction to an agent share (%),24.7
decision share (%),19
brief remark share (%),15.8
question share (%),12.7
code feedback units,88
code feedback carrying a code span (%),35.2
direction units,78
direction carrying a handle (%),44.9
directions naming the authoring agent,32
direction answering a human comment,72
replies to a human comment,271
code feedback among replies to humans (%),28.4
code feedback is the modal role among replies to humans,code feedback
decision units,60
decisions answering an AI comment,15
question units,40
questions carrying a question mark (%),75
brief remark units,50
