# RQ3 | the human replies in the frame on AI-on-AI reviewed PRs (input to Cochran's sample-size rule)
id,pr_id
2181952165,3198063528.0
2168541076,3172409641.0
2240790000,3254714553.0
2098491977,3075563001.0
2098492388,3075563001.0
2098492629,3075563001.0
2098495312,3075563001.0
2138953508,3111006731.0
2173077624,3180765473.0
2183783561,3200633438.0
2204589391,3210824774.0
2172828596,3183936442.0
2193042929,3210178155.0
2176324258,3157537779.0
2238588100,3271866532.0
2102475432,3081992708.0
2179317453,3194805300.0
2145881427,3141889094.0
2097020901,3075262343.0
2143688263,3138102792.0
2124461169,3113703056.0
2246742788,3276981682.0
2141248247,3131748601.0
2142686713,3084261971.0
2320946260,3230758347.0
2257111052,3273562641.0
2209635832,3234328843.0
2189344958,3176132312.0
2220585371,3246121444.0
2188041444,3205804047.0
2220877988,3230682144.0
2202531014,3225203739.0
2138990880,3121678248.0
2233627251,3266494157.0
2101440514,3080058343.0
2097464991,3076064186.0
2218389927,3242236662.0
2100955619,3078366765.0
2192082556,3152485982.0
2180667203,3194895472.0
2224054735,3250455355.0
2174889053,3170544938.0
2231781170,3200033873.0
2165054837,3169577770.0
2150895146,3151219647.0
2181927237,3198063528.0
2103648186,3084855641.0
2166065424,3163588483.0
2103158184,3083837004.0
2103492858,3084631055.0
2167819382,3177155948.0
2218241485,3231788654.0
2274828857,3189562608.0
2142150611,3099658013.0
2141239388,3121678248.0
2198235415,3216511780.0
2146020622,3144026446.0
2107577839,3087114684.0
2143100135,3138552824.0
2211107389,3234259884.0
2152061225,3152880462.0
2155177558,3119512382.0
2116631972,3083905069.0
2103028247,3083837004.0
2116573982,3102011997.0
2109790029,3089142164.0
2138950722,3111006731.0
2109623459,3090578689.0
2137664666,3129773117.0
2201532786,3209908129.0
2103154508,3083837004.0
2103598717,3081978815.0
2155179619,3119512382.0
2126204830,3115409265.0
2198343371,3193634550.0
2161258216,3167462922.0
2100014097,3079684446.0
2143346935,3131807383.0
2213922723,3239748118.0
2150188921,3143225191.0
2138278202,3133771594.0
2169318662,3176645907.0
2190959593,3209796838.0
2167386445,3122559134.0
2191413273,3210120746.0
2138392479,3133959095.0
2247724991,3276981682.0
2191490502,3186218830.0
2204711443,3227867582.0
2153602298,3148267777.0
2231780376,3200033873.0
2211303069,3154760858.0
2138924655,3121678248.0
2101793381,3076780891.0
2132971386,3125531606.0
2132971434,3125531606.0
2132971506,3125531606.0
2132971535,3125531606.0
2223895614,3243134540.0
2201245507,3212810620.0
2122385274,3098739033.0
2122443361,3098739033.0
2178155760,3193068019.0
2213871720,3237965606.0
2102929514,3081695764.0
2096453272,3074925487.0
2103909081,3085044127.0
2105003262,3081695764.0
2154460683,3143508366.0
2201343931,3223349599.0
2201360930,3223349599.0
2201238425,3223349599.0
2096628824,3075242171.0
2230732809,3256664617.0
2202805839,3215898746.0
2202421490,3224825503.0
2182410032,3152485982.0
2214083143,3234804067.0
2138293666,3133771594.0
2132946589,3101464221.0
2253659224,3276787791.0
2155154698,3119512382.0
2180649552,3194895472.0
2247993472,3276981682.0
2098693470,3075563001.0
2209418028,3231652557.0
2129688567,3078439427.0
2182410436,3189570878.0
2141007340,3095403215.0
2188668379,3206834000.0
2347742427,3272053785.0
2220868567,3230682144.0
2127272919,3118009864.0
2247992319,3259102188.0
2145522067,3143963304.0
2103549096,3084631055.0
2125769446,3116197763.0
2150177455,3143225191.0
2107702386,3091765131.0
2140369640,3103364279.0
2138924393,3121678248.0
2106793594,3090228123.0
2178138948,3193068019.0
2107408308,3090993724.0
2152471233,3134836043.0
2164679323,3169097473.0
2224654105,3251615613.0
2103389888,3081171929.0
2104979111,3085403262.0
2145932001,3141889094.0
2124988730,3111637041.0
2140759015,3081186157.0
2238886736,3262972925.0
2228877196,3253133691.0
2152670802,3151417956.0
2174792951,3171113463.0
2172150908,3181433167.0
2141207242,3081186157.0
2104816035,3085403262.0
2190496725,3194549869.0
2101131057,3080751824.0
2205460089,3223522886.0
2103638405,3084778291.0
2154583989,3156456557.0
2231049030,3256664617.0
2169896154,3176451317.0
2178149748,3193068019.0
2114831292,3101243147.0
2179894209,3195187523.0
2146035789,3141889094.0
2213797746,3216407461.0
2124423268,3114262911.0
2169952344,3157539448.0
2226031219,3256255880.0
2097301907,3075994560.0
2161736856,3163870590.0
2182077834,3198063528.0
2181726681,3197989666.0
2164897970,3173180612.0
2182983007,3198732250.0
2183406696,3155815373.0
2203665192,3226265972.0
2185915880,3197983076.0
2118949556,3106934710.0
2155182134,3119512382.0
2127097149,3115409265.0
2124962472,3115438957.0
2141225626,3081186157.0
2102794858,3083352446.0
2233317338,3265760288.0
2218439550,3231720206.0
2238862260,3263156715.0
2247174779,3259102188.0
2168073776,3170544938.0
2185409116,3194387938.0
2132292883,3113268020.0
2238526386,3271866532.0
2116346238,3077052259.0
2245970312,3256596335.0
2114446146,3098602377.0
2150192222,3148267777.0
2155164665,3157577978.0
2222662331,3148932692.0
2106091541,3089014567.0
2150802018,3134836043.0
2188125933,3206264749.0
2145258855,3142914272.0
2242501405,3276367328.0
2103459971,3083905069.0
2154522034,3156499919.0
2223974470,3210172444.0
2101466264,3081726196.0
2226918504,3255641734.0
2141275598,3138256165.0
2222651389,3148932692.0
2124436557,3114262911.0
2186729487,3198922993.0
2160513916,3166187066.0
2109642473,3089144159.0
2154238700,3152880462.0
2100469144,3075176665.0
2098697162,3075563001.0
2185983586,3203303674.0
2216244949,3241986884.0
2218257344,3231788654.0
2101027615,3080751824.0
2102351455,3082388285.0
2247542107,3262413935.0
2136244070,3125531606.0
2172516091,3182915267.0
2157574422,3161102496.0
2125116886,3115409265.0
2155095342,3155815373.0
2150179375,3143225191.0
2231876414,3200033873.0
2214080151,3234804067.0
2136786256,3131748601.0
2218999636,3235010382.0
2145854952,3143462161.0
2193659553,3210239309.0
2138906465,3115762277.0
2107942879,3090578689.0
2237642764,3268184875.0
2174656941,3187477285.0
2136072368,3117274843.0
2101582711,3081770176.0
2173895709,3186281968.0
2179379300,3194803721.0
2096510659,3074963659.0
2225632079,3255641734.0
2236433836,3262972925.0
2149997851,3143508366.0
2150020817,3143508366.0
2178900161,3194130560.0
2104035196,3085403262.0
2120594867,3105161001.0
2467827965,3275443065.0
2467831778,3275443065.0
2467834565,3275443065.0
2098876631,3075563001.0
2103042690,3084021151.0
2165152957,3172933734.0
2104376650,3082388285.0
2099607771,3079170931.0
2138571560,3090862045.0
2105504501,3078366765.0
2104777602,3081171929.0
2139012579,3115762277.0
2150583709,3137892942.0
2100898141,3080019917.0
2155266218,3157787774.0
2177616185,3192173517.0
2222668254,3148932692.0
2175073994,3183651013.0
2212006523,3231720206.0
2145520143,3138073133.0
2171696792,3180765473.0
2222624181,3148932692.0
2208102269,3186218830.0
2104984538,3082279903.0
2180677721,3194895472.0
2240797539,3271620469.0
2150536382,3150623138.0
2178689406,3189570878.0
2120970428,3103303265.0
2274302332,3189562608.0
2167744182,3173242643.0
2114826536,3084600149.0
2218088407,3231788654.0
2120557174,3105161001.0
2233627319,3266494157.0
2172246784,3150971698.0
2176165355,3189972179.0
2274666272,3189562608.0
2098573409,3075857183.0
2098441914,3074788987.0
2130558351,3119042017.0
2138713714,3133959095.0
2180643355,3194895472.0
2201849211,3210824774.0
2154016002,3153767187.0
2226074196,3256236380.0
2105858118,3082320330.0
2101365480,3078737490.0
2124308219,3113782046.0
2193591628,3179795816.0
2168530751,3113120635.0
2214404019,3238046925.0
2138293210,3133771594.0
2102295266,3079628682.0
2143793844,3135639537.0
2150744791,3145373517.0
2108174644,3092547689.0
2139138199,3131748601.0
2244876978,3276981682.0
2124872306,3115256699.0
2151825869,3152775367.0
2125121370,3115438957.0
2150956498,3150510293.0
2206783207,3231135043.0
2116328407,3098739033.0
2223708272,3250455355.0
2188120242,3206231176.0
2196237685,3150971698.0
2230963803,3230937121.0
2183761293,3200633438.0
2188519147,3206834000.0
2203098276,3226012556.0
2166045476,3163588483.0
2212320024,3227441495.0
2207560280,3231948361.0
2194186171,3212626331.0
2139115028,3135303315.0
2198862079,3214477918.0
2100854566,3078729881.0
2108977325,3083216022.0
2236451225,3262429170.0
2185543533,3198922993.0
2100700887,3075857183.0
2179690952,3189570878.0
2229876868,3261572196.0
2130933446,3111511868.0
2172475877,3182915267.0
2178980936,3161638137.0
2112033336,3094488685.0
2096534822,3075035064.0
2179626615,3140333312.0
2138126281,3113120635.0
2155400759,3157816556.0
2201359102,3223349599.0
2224658493,3250440088.0
2213040997,3213063461.0
2252390768,3261577574.0
2117064173,3104442713.0
2211090483,3234259884.0
2129834644,3101464221.0
2186028438,3203534257.0
2242169176,3276367328.0
2127480634,3113782046.0
2102883011,3083117301.0
2133669438,3124026492.0
2205442594,3223522886.0
2111238564,3085044127.0
2239595903,3272188634.0
2107707325,3091765131.0
2188508341,3206831441.0
2152506070,3132622672.0
2100610969,3075857183.0
2157263033,3155665858.0
2122381043,3098739033.0
2212274441,3234257351.0
2124410397,3114262911.0
2127268733,3118009864.0
2103456569,3081171929.0
2147501686,3145625420.0
2101213493,3080743634.0
2171703541,3180765473.0
2144364801,3099658013.0
2203219580,3226175596.0
2247672460,3262413935.0
2159260147,3163588483.0
2323497806,3137902575.0
2194378160,3214811092.0
2196342108,3215761683.0
2100153623,3075857183.0
2172107780,3181433167.0
2121601607,3110009700.0
2221705760,3230682144.0
2252871926,3271866532.0
2213036684,3213063461.0
2124275155,3098739033.0
2216297557,3241986884.0
2202538008,3225203739.0
2110101891,3084795018.0
2100049160,3079684446.0
2164943286,3161407157.0
2140836076,3116626220.0
2217985194,3186447377.0
2106987198,3086540771.0
2194767023,3196812180.0
2219613850,3246121444.0
2155265448,3157787774.0
2138048426,3131748601.0
2147517489,3145625420.0
2174492376,3183651013.0
2203470220,3226556821.0
2229875135,3261572196.0
2227884519,3256664617.0
2146066720,3141889094.0
2140307880,3131748601.0
2138704051,3117952456.0
2218117513,3231788654.0
2169521377,3179451686.0
2173853924,3186281968.0
2198748283,3205771814.0
2201331998,3223349599.0
2127423274,3102019273.0
2172124933,3181433167.0
2102451472,3076083247.0
2109401947,3089144159.0
2101158885,3078729881.0
2172501602,3182915267.0
2189726653,3176132312.0
2156927650,3155815373.0
2236479037,3226091042.0
2182157260,3195365909.0
2096655532,3075019704.0
2138246611,3131780712.0
2144451468,3139241740.0
2247246266,3259102188.0
2138735042,3134438774.0
2149021057,3131854557.0
2181203328,3196812180.0
2212003887,3231720206.0
2231565773,3262429170.0
2109618947,3090578689.0
2225114561,3255130444.0
2102989817,3083837004.0
2169564158,3176451317.0
2210174689,3235279907.0
2101089673,3078729881.0
2287926268,3259102188.0
2110838389,3085398469.0
2206668616,3227962360.0
2193151544,3211119439.0
2180681309,3194130560.0
2103540888,3084631055.0
2195646984,3150971698.0
2121799465,3111015937.0
2218435793,3231720206.0
2224876931,3251615613.0
2201361629,3186609240.0
2122203758,3105161001.0
2172640951,3180765473.0
2220118303,3214122373.0
2330503927,3076043127.0
2116224486,3103424264.0
2218102298,3231788654.0
2103635671,3084778291.0
2124617116,3114848770.0
2205501550,3220067260.0
2330503679,3076043127.0
2125159481,3111618330.0
2228606057,3259798274.0
2110948847,3090570894.0
2164804766,3169100701.0
2103632769,3084778291.0
2103633260,3084778291.0
2215537232,3242375510.0
2175777326,3185875840.0
2201665669,3223342785.0
2181156565,3150971698.0
2245559351,3276981682.0
2208100337,3186218830.0
2167728606,3173242643.0
2175672699,3189347022.0
2139389544,3135573640.0
2234810157,3259798274.0
2143457701,3134692524.0
2214400553,3238046925.0
2238560166,3272053785.0
2165263744,3170054434.0
2272194323,3175381820.0
2113643611,3099796157.0
2192800579,3210323907.0
2136158041,3130800330.0
2244151899,3200033873.0
2174836824,3187866797.0
2224749778,3250440088.0
2105188637,3083842574.0
2192672050,3209660072.0
2100372952,3075857183.0
2199959353,3221696975.0
2103648088,3084855641.0
2180656400,3194895472.0
2102194793,3076043127.0
2202543965,3225203739.0
2207823778,3231652557.0
2207825475,3231652557.0
2101346296,3081369417.0
2151342044,3151984235.0
2151470555,3132622672.0
2248953393,3261577574.0
2175942992,3189347022.0
2109686681,3089144159.0
2173112610,3161638137.0
2101649980,3081361910.0
2097117354,3074788987.0
2214841210,3230682144.0
2185018298,3199867865.0
2176324186,3157537779.0
2230294905,3261572196.0
2226042869,3250440088.0
2173189528,3180765473.0
2202044587,3223461985.0
2174879619,3170544938.0
2156399182,3132622672.0
2150326413,3150327302.0
2241257739,3254714553.0
2204519994,3227867582.0
2205008256,3220067260.0
2136445861,3125996513.0
2141304968,3138256165.0
2126219301,3116057368.0
2172965810,3184251527.0
2140705919,3117952456.0
2137197790,3132362063.0
2132067555,3111511868.0
2150559375,3150510293.0
2105913146,3084600149.0
2178044372,3078758331.0
2168995096,3176451317.0
2151355842,3151882306.0
2150298470,3143225191.0
2229720319,3256664617.0
2150947013,3150327302.0
2170616279,3180765473.0
2122411735,3098739033.0
2179304066,3194805300.0
2160227836,3165558236.0
2204952670,3209908129.0
2122349782,3098739033.0
2180933778,3197014348.0
2139576633,3133771594.0
2398244955,3192212731.0
2152037657,3151566859.0
2252722837,3271620469.0
2153573964,3155033567.0
2169591601,3177107618.0
2193668799,3186218830.0
2218408311,3242497585.0
2153574155,3155033567.0
2216120021,3231788654.0
2216204209,3231788654.0
2217989616,3245984112.0
2173167115,3180765473.0
2223347096,3148932692.0
2223361801,3148932692.0
2180645941,3196547980.0
2173772633,3185225851.0
2163671424,3113120635.0
2257111452,3273562641.0
2101466961,3081726196.0
2174950084,3176132312.0
2164761599,3169429627.0
2153454604,3132622672.0
2104998531,3081695764.0
2166389564,3170544938.0
2164898184,3173180612.0
2103511235,3084633214.0
2185525962,3202730929.0
2101155407,3078729881.0
2182075813,3197983907.0
2215998734,3242236662.0
2155155658,3157577978.0
2098032666,3075291570.0
2138568596,3090862045.0
2104831940,3085403262.0
2116739216,3104344860.0
2116253554,3077052259.0
2225151513,3255130444.0
2183386792,3104405109.0
2194056395,3210755490.0
2129363863,3101464221.0
2201335927,3223349599.0
2110870301,3090578689.0
2172302977,3180142640.0
2191024416,3209991607.0
2209251036,3224656137.0
2198677446,3220396620.0
2105030016,3081695764.0
2262255255,3210904150.0
2242505129,3276367328.0
2181727068,3197989666.0
2136584559,3125531606.0
2180444615,3193524394.0
2223031941,3169649243.0
2187376415,3198922993.0
2233631195,3266494157.0
2203789621,3226265972.0
2155070267,3156991280.0
2178296868,3193295105.0
2196262619,3207348309.0
2103973020,3085398469.0
2129159526,3120599542.0
2140721019,3081186157.0
2103159414,3083837004.0
2139802981,3133214926.0
2242550266,3275838023.0
2138879693,3134478540.0
2182823591,3198732250.0
2201255359,3223349599.0
2203407700,3226441877.0
2208333139,3186218830.0
2104744982,3085403262.0
2185575940,3202730929.0
2109686515,3094173620.0
2319724115,3230758347.0
2174230450,3179515957.0
2191439088,3186218830.0
2114625715,3084597647.0
2211819711,3236306681.0
2225553085,3231589632.0
2121853569,3110905940.0
2156655844,3152775367.0
2156660565,3152775367.0
2193014831,3213048977.0
2098689603,3075563001.0
2176165238,3189972179.0
2382881024,3081566388.0
2240958523,3271620469.0
2101765713,3079632972.0
2173574722,3185272057.0
2198859773,3190548666.0
2161597182,3161387601.0
2274808846,3189562608.0
2098693170,3075563001.0
2178039527,3192892401.0
2140451115,3135363020.0
2138704436,3117952456.0
2170409363,3170054434.0
2211078574,3234259884.0
2155180412,3119512382.0
2203380610,3226091042.0
2210920597,3229400382.0
2171681001,3180765473.0
2170749722,3180198385.0
2138380202,3131780712.0
2217915359,3194387938.0
2220292467,3155815373.0
2101152473,3078729881.0
2141259524,3121678248.0
2231874221,3200033873.0
2103498112,3084631055.0
2114222440,3076780891.0
2203252503,3226091042.0
2162398943,3169102437.0
2125202828,3098739033.0
2287922670,3259102188.0
2212434389,3230682144.0
2146712137,3145625420.0
2127583166,3119010150.0
2129137910,3098739033.0
2114824090,3084600149.0
2248969661,3261577574.0
2164320664,3164130684.0
2211923029,3232669455.0
2134826722,3128687723.0
2100110909,3075857183.0
2188125507,3206264749.0
2169356232,3179460425.0
2207881458,3223618488.0
2139541138,3135639537.0
2179626505,3140333312.0
2224883551,3251615613.0
2180664651,3194895472.0
2138253989,3131780712.0
2155164044,3157577978.0
2129370215,3098739033.0
2122612021,3098739033.0
2197457605,3212880394.0
2209295576,3224656137.0
2179335821,3194805300.0
2211925311,3237703446.0
2230562267,3256664617.0
2230590304,3256664617.0
2230620603,3256664617.0
2230623109,3256664617.0
2320945822,3230758347.0
2148994268,3148402460.0
2116630582,3083905069.0
2262256873,3210904150.0
2236546877,3262429170.0
2180784191,3196863235.0
2145298211,3142914272.0
2167168242,3172409641.0
2204335305,3227866239.0
2098798456,3075563001.0
2103632886,3084855641.0
2122349072,3106934710.0
2169910795,3163705700.0
2114440357,3098602377.0
2169590881,3177107618.0
2190089506,3208758336.0
2199111747,3216594701.0
2180668156,3194895472.0
2212003919,3231720206.0
2116219536,3086540771.0
2138952541,3111006731.0
2139139511,3131748601.0
2228690769,3260006975.0
2246430119,3214086292.0
2143129102,3140666398.0
2160240268,3125850603.0
2106394366,3081715193.0
2125467733,3113159496.0
2180775604,3196863235.0
2233631176,3266494157.0
2184537289,3170054434.0
2138290806,3133771594.0
2145344171,3142914272.0
2104733871,3082320330.0
2239738027,3272053785.0
2121573895,3110009700.0
2208349559,3209849522.0
2173924406,3186281968.0
2173924862,3186281968.0
2173924961,3186281968.0
2173925054,3186281968.0
2173942184,3186281968.0
2173942332,3186281968.0
2138293498,3133771594.0
2140479855,3135999700.0
2230629921,3259899444.0
2344457731,3145372553.0
2165441984,3170054434.0
2132367700,3124811802.0
2135752363,3110867755.0
2230965095,3230937121.0
2157696660,3161253730.0
2141129630,3081186157.0
2240818602,3200033873.0
2100847051,3076043127.0
2100847265,3076043127.0
2146412785,3145358103.0
2140728128,3117952456.0
2114443924,3098602377.0
2151356084,3151882306.0
2185732544,3143805151.0
2195540528,3150971698.0
2136167738,3130800330.0
2137145484,3132362063.0
2102698552,3082279903.0
2104151107,3085653329.0
2130506326,3119252975.0
2124299263,3098739033.0
2140938586,3081186157.0
2288435036,3260016636.0
2175942180,3189347022.0
2222959428,3234691892.0
2247216350,3080023392.0
2185495883,3198922993.0
2205488709,3224573846.0
2231534450,3261757119.0
2178320946,3170054434.0
2218105132,3231788654.0
2124962675,3115438957.0
2101132648,3080751824.0
2130395155,3122627357.0
2104032912,3080023392.0
2210087712,3186218830.0
2114776249,3084597647.0
2143646944,3119042017.0
2323632374,3118336986.0
2102975995,3081715193.0
2109789585,3089142164.0
2195889957,3150971698.0
2101150793,3080743634.0
2227882865,3256664617.0
2102925982,3083837004.0
2178179026,3191292025.0
2319440732,3230718769.0
2268647572,3202327234.0
2119190845,3106934710.0
2132404930,3083905069.0
2208951985,3203097519.0
2150299032,3143225191.0
2127404019,3115409265.0
2154151776,3155685400.0
2141258858,3138256165.0
2229081778,3256664617.0
2127975755,3119857154.0
2212009451,3231720206.0
2243157293,3276367328.0
2145559481,3143925201.0
2099903757,3076030480.0
2139027520,3115762277.0
2220024597,3244675358.0
2246735607,3276981682.0
2114694736,3101243147.0
2138924563,3121678248.0
2125160120,3111618330.0
2102952441,3083837004.0
2133011721,3125790678.0
2132885835,3101464221.0
2158251116,3154760858.0
2098761675,3077823693.0
2288427517,3260016636.0
2150734996,3145373517.0
2231875109,3200033873.0
2101628209,3081361910.0
2155069216,3155665858.0
2192595500,3209660072.0
2098694306,3075563001.0
2346813978,3237805236.0
2138893018,3134738309.0
2124414800,3114262911.0
2105141843,3083842574.0
2252623780,3271620469.0
2320946031,3230758347.0
2222605120,3148932692.0
2211346660,3160615563.0
2129822701,3101464221.0
2108510082,3082320330.0
2245557094,3276981682.0
2114847891,3077052259.0
2188518826,3206834000.0
2246000029,3256596335.0
2209223576,3227441495.0
2205467057,3223522886.0
2193586293,3179795816.0
2193148908,3169504363.0
2132332976,3118884227.0
2211077232,3234259884.0
2103648222,3084855641.0
2101621565,3081925002.0
2216396463,3236515423.0
2152893269,3153698253.0
2205581363,3209849522.0
2209258408,3224656137.0
2211645383,3227441495.0
2174067176,3174281934.0
2100010661,3079684446.0
2188131854,3206231176.0
2140608562,3130800330.0
2104726333,3085403262.0
2179779175,3195365909.0
2210103335,3235347485.0
2193930838,3186218830.0
2097463912,3076064186.0
2103412500,3081171929.0
2180602348,3119512382.0
2108257637,3090578689.0
2172079349,3179766264.0
2140379789,3086540771.0
2207838683,3230759504.0
2199096832,3210239309.0
2124406247,3114262911.0
2096250185,3074542976.0
2195600430,3216511780.0
2099437035,3079016065.0
2153399347,3148267777.0
2155174237,3119512382.0
2104216493,3083352446.0
2104488347,3083186670.0
2181136925,3196619353.0
2217991931,3234691892.0
2190363496,3143805151.0
2190364225,3143805151.0
2190364550,3143805151.0
2190364830,3143805151.0
2190365182,3143805151.0
2138705410,3117952456.0
2255371243,3201019692.0
2161975966,3168626948.0
2156153493,3158873801.0
2114835043,3101243147.0
2143975896,3134692524.0
2391075126,3192221805.0
2164830938,3172846336.0
2136523509,3125996513.0
2153575526,3148267777.0
2141532091,3132622672.0
2183201687,3199867865.0
2172533870,3182915267.0
2152896691,3151946493.0
2132946992,3101464221.0
2180667211,3194895472.0
2291404186,3251416645.0
2176082793,3189966102.0
2150151942,3134302678.0
2160215834,3161407157.0
2136706588,3131748601.0
2100146854,3075857183.0
2146926046,3145625420.0
2102195148,3076043127.0
2104002974,3085403262.0
2119016375,3106934710.0
2214400725,3238046925.0
2146431395,3145358103.0
2166056511,3163588483.0
2146055472,3144026446.0
2101158985,3078729881.0
2224661891,3250440088.0
2144137076,3141942329.0
2127424671,3102019273.0
2104008125,3085403262.0
2246391262,3210239309.0
2140509830,3117952456.0
2196177645,3210824774.0
2141237005,3121678248.0
2124874601,3108675807.0
2230731775,3256664617.0
2138293340,3133771594.0
2100989294,3080969048.0
2222255413,3159745301.0
2236936086,3268184875.0
2237132698,3268184875.0
2178524599,3193524394.0
2212070043,3203097519.0
2218139315,3231788654.0
2216302505,3241986884.0
2153026288,3151219647.0
2209186974,3227441495.0
2262374208,3210904150.0
2262255414,3210904150.0
2168554543,3172409641.0
2213992280,3227441495.0
2179929014,3193295105.0
2122371432,3098739033.0
2169590393,3177107618.0
2107907211,3090578689.0
2152555036,3153759896.0
2136401973,3125996513.0
2110463002,3095413885.0
2237606926,3200033873.0
2107562023,3087114684.0
2238569467,3272053785.0
2184260733,3199881418.0
2101890609,3079170931.0
2173085683,3180765473.0
2246793207,3275513847.0
2146093545,3144671213.0
2139233160,3135363020.0
2210939813,3236393939.0
2098759532,3077823693.0
2124621779,3112095151.0
2124622217,3112095151.0
2124627108,3112095151.0
2164930570,3169529285.0
2220060076,3200632703.0
2201529937,3209908129.0
2203238944,3226091042.0
2106335040,3087094895.0
2106335329,3087094895.0
2237258905,3200033873.0
2098438115,3075857183.0
2238729301,3272053785.0
2222185921,3148932692.0
2132387606,3124811802.0
2175625650,3179388883.0
2239836858,3272053785.0
2173992465,3186564845.0
2141994768,3138995292.0
2098696688,3075563001.0
2097677684,3076267770.0
2141006264,3111006731.0
2141649071,3132622672.0
2145998797,3143462161.0
2246155524,3256596335.0
2185529095,3202730929.0
2107584383,3087114684.0
2237506723,3200033873.0
2105078064,3078366765.0
2164752752,3169429627.0
2101465856,3081726196.0
2223248430,3221925890.0
2220874037,3230682144.0
2149645478,3130921190.0
2149669761,3130921190.0
2215618223,3236515423.0
2100941616,3080751824.0
2156390048,3132622672.0
2161671646,3167462922.0
2169707227,3163705700.0
2129754723,3101464221.0
2244782840,3262413935.0
2244787819,3262413935.0
2244807567,3262413935.0
2245698480,3262413935.0
2096806874,3075506913.0
2152040172,3151566859.0
2130707406,3119042017.0
2280800829,3202327234.0
2193129891,3210800471.0
2152893574,3152880462.0
2097464512,3076064186.0
2144132618,3138073133.0
2174958064,3176132312.0
2098875645,3074689840.0
2158099794,3154760858.0
2183687964,3199870832.0
2100977521,3080751824.0
2096569151,3075019704.0
2104197208,3083352446.0
2206393589,3230708925.0
2185916569,3197989666.0
2116120976,3103424264.0
2138255191,3133771594.0
2157380944,3160353937.0
2099061889,3078440447.0
2218237924,3231788654.0
2239612872,3272053785.0
2138782515,3131807343.0
2180599914,3119512382.0
2288429421,3260016636.0
2229096825,3259899444.0
2151467047,3132622672.0
2150196246,3143225191.0
2212403870,3231720206.0
2390325560,3192221805.0
2174066948,3174281934.0
2173923183,3186281968.0
2098452037,3075857183.0
2179608847,3191292025.0
2099248408,3076775534.0
2118991238,3106934710.0
2279568477,3189562608.0
2231239110,3244874544.0
2231780696,3200033873.0
2106371055,3087761233.0
2179493451,3194998721.0
2242309057,3276368773.0
2150951741,3150327302.0
2143666972,3138073133.0
2239665931,3272053785.0
2199795877,3221328642.0
2316083638,3262649475.0
2138885468,3131807343.0
2140925109,3081186157.0
2107936453,3090578689.0
2210512533,3218202482.0
2210516193,3218202482.0
2100251745,3075857183.0
2184780493,3199867865.0
2105036934,3078366765.0
2114877769,3084795018.0
2114877909,3084795018.0
2104797668,3082320330.0
2125365252,3085398469.0
2104979330,3081171929.0
2212473579,3230682144.0
2172531870,3182915267.0
2175134019,3157539817.0
2102646667,3082388285.0
2258584636,3275314197.0
2330867179,3237805236.0
2101242124,3075857183.0
2158075996,3160615563.0
2127254097,3118009864.0
2180552050,3193524394.0
2144389581,3140483943.0
2107947751,3090578689.0
2109138968,3086540771.0
2204353276,3227867582.0
2337146278,3237805236.0
2104798640,3082320330.0
2140675838,3117952456.0
2103127933,3084107311.0
2169591356,3177107618.0
2120693677,3109408352.0
2201350961,3223522886.0
2151448650,3104201606.0
2143380541,3119042017.0
2320946157,3230758347.0
2185378931,3189570878.0
2209442034,3226265972.0
2211592812,3186218830.0
2138935278,3131854557.0
2105005999,3085403262.0
2143144729,3134438774.0
2098476032,3075262343.0
2138670570,3133959095.0
2218135093,3231788654.0
2470536169,3179865924.0
2202963293,3195329595.0
2157344721,3160790203.0
2155034984,3156499919.0
2155036168,3156499919.0
2103402189,3081171929.0
2101215332,3081369417.0
2100027980,3079684446.0
2176138704,3161638137.0
2180088899,3193369023.0
2115172584,3102049332.0
2241308512,3250546916.0
2140380456,3136199896.0
2172341943,3150971698.0
2213636987,3232669455.0
2204894407,3228219115.0
2199950145,3218486387.0
2129842727,3111637041.0
2213900603,3239748118.0
2213925685,3239748118.0
2154819974,3156963474.0
2098398184,3075857183.0
2124847074,3098739033.0
2172159798,3180765473.0
2193940415,3186218830.0
2196232436,3207348309.0
2224686929,3251640244.0
2134920418,3128687723.0
2099665168,3079170931.0
2169567219,3176451317.0
2138909840,3121678248.0
2168850160,3176451317.0
2222656724,3148932692.0
2138915203,3121678248.0
2202836504,3225444521.0
2122414958,3098739033.0
2173992822,3186564845.0
2181728996,3197989666.0
2243255320,3271677684.0
2231779479,3200033873.0
2180644575,3196547980.0
2167360368,3173242643.0
2143798219,3135639537.0
2235786472,3262413935.0
2139795362,3103364279.0
2101765553,3079632972.0
2142149679,3099658013.0
2125121160,3115438957.0
2229008958,3256664617.0
2153959902,3153767187.0
2172847442,3183936442.0
2138826479,3131807343.0
2219753507,3246121444.0
2173994300,3172409641.0
2127404932,3115409265.0
2125357802,3085398469.0
2132992742,3125790678.0
2241431100,3275415903.0
2230723969,3256664617.0
2316084245,3262649475.0
2204341550,3227867582.0
2137666809,3129773117.0
2179447609,3194998721.0
2112360545,3097466678.0
2122371051,3098739033.0
2109395125,3089144159.0
2309071445,3275893030.0
2247212329,3259102188.0
2225515210,3148932692.0
2097975441,3074605898.0
2150963415,3150510293.0
2201851149,3210824774.0
2152435675,3143508366.0
2172969128,3169431198.0
2209198226,3227441495.0
2150178134,3143225191.0
2211149392,3236247779.0
2135010996,3125531606.0
2169910051,3180198385.0
2132510716,3113806629.0
2204348596,3227866239.0
2217867029,3246121444.0
2147520867,3145625420.0
2189983672,3208758336.0
2177021541,3189842687.0
2180642510,3194895472.0
2221929596,3230682144.0
2167805070,3177155948.0
2210955656,3236393939.0
2184948436,3194656871.0
2188502013,3206831441.0
2188502340,3206831441.0
2203793464,3226265972.0
2173856769,3184463362.0
2219620959,3246982201.0
2150493922,3136072840.0
2208185559,3229400382.0
2150968929,3150510293.0
2138051652,3131748601.0
2180695432,3196547980.0
2127259232,3118009864.0
2146815828,3145625420.0
2173008856,3177155948.0
2136880892,3127231883.0
2203097629,3225037054.0
2143151693,3138414058.0
2097463373,3076064186.0
2152527341,3134836043.0
2115157799,3102049332.0
2107731322,3091765131.0
2129176395,3120599542.0
2152893797,3153698253.0
2174938837,3176132312.0
2138588622,3090862045.0
2203792712,3226265972.0
2212260364,3235209505.0
2183076562,3199332203.0
2116875212,3104234803.0
2320945905,3230758347.0
2184244340,3199881418.0
2231751452,3261564874.0
2209992254,3231933790.0
2102154872,3076083247.0
2244133531,3200033873.0
2180614736,3193524394.0
2180620932,3193524394.0
2100035030,3079684446.0
2100698081,3078834752.0
2134854867,3127795243.0
2106492708,3089144159.0
2216303771,3241986884.0
2119734644,3107462147.0
2240834520,3200033873.0
2237129800,3210800471.0
2169750452,3163705700.0
2143742837,3141161571.0
2180125637,3189570878.0
2100972984,3075857183.0
2150547858,3150592086.0
2167973103,3171314067.0
2244169256,3275882982.0
2093535004,3062466554.0
2093546849,3062466554.0
2092999574,3062466554.0
2029226334,2973011621.0
2146236757,3126336730.0
2165921333,3158683531.0
2033365182,2977988551.0
2032160977,2977988551.0
2032161318,2977988551.0
2093537557,3062466554.0
2160431065,3164349433.0
2092998460,3062466554.0
2239109128,3272059201.0
2153072356,3154494868.0
2093032056,3062466554.0
2171919229,3174718645.0
2146233288,3126336730.0
2188825760,3202263196.0
2170392945,3174718645.0
2234757026,3268117305.0
2237340193,3264140320.0
2187442639,3090861379.0
2166021435,3174036103.0
2241480315,3273214995.0
2241398002,3273050893.0
2126004906,3102304644.0
2076405910,3043612156.0
2211446333,3220799500.0
2244234988,3261954258.0
2239101800,3272059201.0
2190874587,3171931827.0
2171856582,3174718645.0
2244214354,3261954258.0
2030174137,2974922148.0
2165955808,3158683531.0
2162875093,3169706651.0
2165896877,3158683531.0
2033714558,2977988551.0
2162885137,3169706651.0
2150656811,3150592086.0
2106924445,3070390119.0
2173577288,3184979418.0
1979159090,2893733497.0
2166038623,3158683531.0
2237570589,3256558725.0
2190907373,3171931827.0
2033711795,2977988551.0
2033354625,2977988551.0
2168016012,3171314067.0
2151022174,3147153408.0
2037680243,2982545758.0
2165939997,3158683531.0
2250312594,3276569103.0
2173577998,3184979418.0
2093031051,3062466554.0
2188825608,3202263196.0
2033345750,2977988551.0
2093180215,3062466554.0
2166050033,3174375982.0
2187442235,3090861379.0
2096232342,3071234740.0
2031883651,2972319075.0
2188815579,3202263196.0
2138854223,3134880296.0
1970658500,2879706478.0
2165929333,3158683531.0
2093027751,3062466554.0
2250904286,3276106793.0
2033683684,2977988551.0
2093533541,3062466554.0
2237869773,3271282745.0
2150806605,3150592086.0
2192849979,3196479981.0
2237571446,3256558725.0
2168151182,3174718645.0
2131162962,3123198992.0
2131171671,3123198992.0
2188829278,3202263196.0
2162932689,3170199750.0
2171946717,3174718645.0
2165951190,3158683531.0
2234756760,3268117305.0
2131597076,3119212776.0
1970690044,2879706478.0
2081395998,3048994775.0
2184057369,3184407666.0
2171329827,3171931827.0
2037648540,2982545758.0
2167762428,3174718645.0
2190873142,3171931827.0
2093020463,3062466554.0
2166340153,3174375982.0
2244317701,3276546083.0
2037098327,2982545758.0
2037103462,2982545758.0
2037103936,2982545758.0
2167973744,3171314067.0
2166043161,3158683531.0
2165866597,3174036103.0
2171341744,3171931827.0
2165924573,3158683531.0
2165989424,3158683531.0
2173578219,3184979418.0
2173574756,3184979418.0
2033571619,2977988551.0
2166043433,3158683531.0
2093746162,3062466554.0
2190868848,3171931827.0
2166041731,3158683531.0
2167984638,3171314067.0
2185816772,3195989523.0
2238940388,3261954258.0
2146229262,3126336730.0
2220901476,3250731596.0
2093533738,3062466554.0
2093204230,3062466554.0
2250390983,3276106793.0
2229419026,3260236912.0
2197875913,3215730319.0
2262000872,3256172444.0
2166038826,3167450477.0
2262010255,3256172444.0
2010817791,2921044123.0
2102854649,2921044123.0
2156549826,3159415433.0
2262012431,3256172444.0
2099853342,2921044123.0
2262012183,3256172444.0
2101640224,2921044123.0
2156554371,3159415433.0
2195724992,3215730319.0
2262012008,3256172444.0
2101542384,2921044123.0
2166035674,3167450477.0
2166078270,3167450477.0
2261995692,3256172444.0
2110596013,2921044123.0
2200176385,3222101465.0
2256008285,3256172444.0
2110909629,3079303421.0
2010737297,2921044123.0
2102817602,2921044123.0
2257068422,3256172444.0
2110925108,3079303421.0
2071072414,2921044123.0
2230167351,3256172444.0
2230201229,3256172444.0
2197876427,3215730319.0
2166076489,3167450477.0
2262012605,3256172444.0
2151170809,3139315341.0
2195727271,3215730319.0
2198509568,3215730319.0
2166083583,3167450477.0
2178210510,3193198936.0
2229410987,3260236912.0
2147727859,3147421099.0
2166033973,3167450477.0
2262012934,3256172444.0
2255916094,3256172444.0
2110649346,2921044123.0
2166038017,3167450477.0
2147728252,3147421099.0
2182159073,3194483657.0
2182170482,3194483657.0
2228424623,3255598859.0
2257067609,3256172444.0
2229418552,3260236912.0
2110914036,3079303421.0
2195725107,3215730319.0
2182169132,3194483657.0
2017275602,2921044123.0
2197874206,3215730319.0
2262014523,3256172444.0
2261997660,3256172444.0
2147727534,3147421099.0
2262011371,3256172444.0
2071019102,2921044123.0
2176628561,3189507528.0
2102810233,2921044123.0
2266951421,3231949586.0
2191089053,3078444990.0
2095387083,3071083616.0
2140665972,3137481698.0
2240756125,3270923404.0
2217804514,3246334492.0
2140878133,3137753437.0
2226659315,3240797601.0
2102938434,3081466449.0
2177795578,3191839195.0
2100537690,3078528718.0
2151146151,3143758141.0
2165044248,3155060428.0
2187851458,3200297530.0
2137847589,3133111584.0
2137848621,3133111584.0
2137849381,3133111584.0
2103663881,3082658945.0
2133661195,3126215556.0
2169001530,3171094112.0
2202764839,3225416831.0
2278931465,3244092785.0
2160027389,3142737206.0
2096498735,3070936351.0
2205116179,3228741917.0
2168832598,3143758141.0
2103099990,3081466449.0
2141165394,3138144983.0
2230096379,3254795783.0
2111514777,3091758550.0
2134557773,3128117880.0
2118083807,3105703473.0
2153511007,3155219814.0
2241144290,3275080151.0
2231877853,3103367606.0
2241098450,3270923404.0
2186528336,3203959889.0
2106202535,3088758509.0
2207466021,3095850088.0
2097368267,3070601228.0
2216412421,3132024225.0
2241145063,3275080151.0
2158293501,3143758141.0
2133910439,3107487935.0
2140480509,3134796755.0
2133242054,3126215556.0
2244160587,3275080151.0
2150180485,3139316930.0
2099376383,3078642261.0
2140622195,3137419128.0
2240480946,3274167831.0
2160370465,3165778418.0
2162920856,3155060428.0
2244160621,3275080151.0
2169701329,3078444990.0
2096527850,3074882049.0
2095882094,3070936351.0
2102557286,3081466449.0
2190953225,3078444990.0
2232811226,3265344408.0
2133241309,3126215556.0
2147771870,3147424531.0
2136710033,3131654790.0
2237676025,3103367606.0
2112974643,3098814326.0
2191081892,3078444990.0
2106366819,3082311072.0
2217013686,3242653464.0
2134565501,3127975454.0
2112999170,3085487490.0
2217164492,3244187219.0
2143260348,3141019816.0
2140814040,3132759286.0
2136708478,3131654790.0
2108069768,3092319732.0
2107207755,3090674766.0
2140877108,3137753437.0
2151033608,3143758141.0
2133243401,3126215556.0
2131284370,3123268247.0
2101511514,3081843614.0
2140849954,3137778879.0
2140621063,3137419128.0
2102152023,3077405928.0
2235480586,3263733256.0
2217013844,3242653464.0
2156533406,3159305613.0
2177617736,3191839195.0
2192702901,3141925686.0
2112892378,3085487490.0
2096507420,3070936351.0
2234176391,3131847694.0
2240771791,3270923404.0
2205116288,3228741917.0
2176135543,3190116387.0
2193663748,3141925686.0
2180855997,3078444990.0
2147369324,3144002766.0
2232957178,3265336481.0
2127077523,3117282678.0
2107804128,3088758509.0
2103972024,3074482141.0
2232812675,3265334651.0
2177795479,3191839195.0
2118061989,3105703473.0
2217805106,3246334492.0
2113529319,3095850088.0
2133245628,3126215556.0
2186502221,3203959889.0
2182886961,3191839195.0
2097183709,3075945404.0
2106366888,3082311072.0
2240771551,3270923404.0
2118069848,3105703473.0
2190965812,3078444990.0
2110694321,3095678149.0
2145703675,3129133917.0
2182828147,3199307752.0
2118070881,3105703473.0
2164230263,3172263561.0
2184067898,3193677233.0
2177617995,3191839195.0
2106366734,3082311072.0
2102150341,3077405928.0
2133245284,3126215556.0
2231883684,3103367606.0
2104888501,3071076936.0
2216174653,3239561220.0
2103940598,3085120870.0
2232956902,3265336481.0
2145704873,3129133917.0
2160370861,3165778418.0
2191194315,3078444990.0
2133243075,3126215556.0
2188126113,3203485444.0
2214364809,3240797601.0
2147771341,3147424531.0
2143264606,3141019816.0
2140666416,3137481698.0
2101553219,3081810740.0
2160014531,3142737206.0
2133243835,3126215556.0
2140477733,3134796755.0
2139004080,3134498870.0
2230673351,3260577723.0
2141160198,3138144983.0
2232973726,3265336481.0
2191074335,3078444990.0
2176322520,3190505609.0
2140476390,3134796755.0
2134558352,3128117880.0
2099380303,3078642261.0
2116606010,3104176224.0
2140874042,3137753437.0
2244161776,3275080151.0
2160014523,3142737206.0
2165045078,3155060428.0
2238103228,3270625231.0
2227035919,3241057566.0
2103103898,3081466449.0
2145712023,3143923654.0
2104855541,3071076936.0
2106193150,3084228722.0
2136414865,3130798860.0
2240404567,3270923404.0
2234870930,3131847694.0
2106207014,3078707207.0
2232905950,3265336481.0
2106193430,3078707207.0
2152417088,3151118375.0
2156914252,3153690179.0
2217013529,3242653464.0
2172963892,3143758141.0
2178768887,3186594625.0
2237635410,3270625231.0
2156952038,3155893392.0
2235701226,3240797601.0
2168427406,3177623179.0
2240631626,3272249112.0
2241099137,3270923404.0
2240766729,3270923404.0
2371587441,3153897525.0
2106207590,3078707207.0
2202498203,3224953168.0
2214413323,3241057566.0
2141840525,3139032599.0
2140871996,3137753437.0
2107816211,3084228722.0
2131284056,3123268247.0
2169701614,3078444990.0
2141755976,3138540332.0
2191077192,3078444990.0
2094584977,3071083616.0
2214362911,3141925686.0
2137517158,3133002658.0
2116603631,3104176224.0
2225083882,3240797601.0
2136708246,3131654790.0
2136881622,3130941497.0
2097357402,3070601228.0
2118069777,3105703473.0
2101225197,3081466449.0
2216186830,3239561220.0
2153510194,3155219814.0
2103968228,3074482141.0
2131283756,3123268247.0
2141161487,3138144983.0
2231843069,3103367606.0
2133245884,3126215556.0
2100540475,3078528718.0
2151119663,3143758141.0
2179941825,3195340595.0
2095403049,3071083616.0
2168314887,3177623179.0
2151508626,3143758141.0
2199847795,3219855040.0
2102877950,3075393105.0
2279769545,3103367606.0
2180857447,3078444990.0
2191065356,3078444990.0
2191068636,3078444990.0
2100166641,3079232473.0
2206545381,3207874593.0
2094584919,3071083616.0
2238918134,3260577723.0
2169473901,3078444990.0
2141234034,3137753437.0
2146824161,3134422820.0
2253374926,3103367606.0
2141745928,3138540332.0
2232973294,3265336481.0
2190952787,3078444990.0
2134724718,3128266425.0
2118070850,3105703473.0
2112463889,3098035626.0
2136965296,3132228451.0
2126667286,3117928238.0
2140743508,3129133917.0
2145696396,3143923654.0
2190959380,3078444990.0
2101885485,3078707207.0
2102947654,3081466449.0
2113121330,3099033781.0
2125645067,3108467281.0
2133244286,3126215556.0
2140810139,3132759286.0
2140479702,3134796755.0
2232810823,3265344408.0
2137502251,3133002658.0
2147665437,3147398035.0
2206555903,3207874593.0
2096498559,3070936351.0
2168962256,3171094112.0
2205116047,3228741917.0
2172966193,3143758141.0
2133196710,3126215556.0
2095877812,3070936351.0
2218581567,3246104231.0
2126437817,3105703473.0
2145702860,3129133917.0
2187848906,3200297530.0
2096509755,3070936351.0
2098339807,3070068738.0
2145699283,3143923654.0
2244112724,3275080151.0
2096516948,3070936351.0
2167338850,3176553087.0
2214355200,3103367606.0
2094584796,3071083616.0
2143938136,3141830770.0
2140883020,3137753437.0
2168891278,3178783907.0
2126964514,3117915292.0
2133241009,3126215556.0
2182887270,3191839195.0
2160371947,3165778418.0
2168879370,3171094112.0
2097674873,3076603836.0
2151333499,3152053456.0
2217804710,3246334492.0
2168437946,3177623179.0
2107996935,3092319732.0
2097932542,3076965582.0
2095092096,3071822317.0
2216984347,3241853233.0
2103650384,3082658945.0
2099322583,3078642261.0
2131321697,3123336466.0
2100598657,3078528718.0
2145712449,3143923654.0
2141748952,3138540332.0
2232957800,3265336481.0
2136711437,3131654790.0
2232801593,3265336481.0
2216954193,3241853233.0
2140743648,3129133917.0
2244161961,3275080151.0
2196851404,3153811253.0
2253382063,3103367606.0
2172990733,3143758141.0
2098686412,3077220365.0
2103094235,3081466449.0
2181147926,3193677233.0
2126666499,3117928238.0
2156945180,3155893392.0
2099361131,3078642261.0
2169474678,3078444990.0
2148224419,3147653147.0
2151153745,3143758141.0
2162918673,3155060428.0
2157909825,3138341820.0
2159617556,3151623064.0
2094605632,3071966289.0
2170122258,3170718881.0
2191434063,3210760092.0
2167062502,3171715437.0
2404246065,3185481932.0
2232147657,3229096395.0
2330659744,3173092842.0
2237216331,3203952761.0
2181141235,3190006754.0
2330685190,3173092842.0
2330674998,3173092842.0
2173176567,3153069820.0
2217021113,3243017418.0
2246774609,3272945997.0
2202683142,3225182056.0
2167036267,3171715437.0
2329565549,3173092842.0
2404243582,3185481932.0
2161767333,3163701771.0
2246774678,3272945997.0
2173175356,3153069820.0
2154941774,3150662401.0
2150620545,3150621549.0
2173175918,3153069820.0
2184465116,3178158316.0
2166983836,3171715437.0
2202755009,3225182056.0
2271246005,3259947208.0
2181517906,3197795537.0
2404243531,3185481932.0
2186672912,3203786184.0
2222687633,3252065228.0
2161923141,3166030819.0
2173175011,3153069820.0
2233015056,3229096395.0
2181524094,3197795537.0
2404243717,3185481932.0
2183311643,3196415291.0
2329574441,3173092842.0
2233017780,3229096395.0
2233015521,3229096395.0
2160085416,3165225343.0
2180601941,3184110162.0
2161739820,3163701771.0
2166990423,3171715437.0
2184456654,3178158316.0
2216446034,3241570199.0
2330669552,3173092842.0
2198849255,3197313762.0
2195662304,3203378613.0
2170144268,3170718881.0
2330677808,3173092842.0
2166986054,3171715437.0
2159325496,3150662401.0
2301428982,3203952761.0
2133086717,3126127102.0
2172758280,3182061205.0
2154929223,3150662401.0
2404246278,3185481932.0
2246769493,3272945997.0
2161756156,3163701771.0
2182455137,3195513409.0
2152220883,3153308695.0
2213954153,3239609997.0
2152221173,3153308695.0
2330653857,3173092842.0
2185565418,3191221248.0
2195650088,3216135866.0
2251275727,3272945997.0
2251279035,3272945997.0
