# RQ3 | review verdicts, Table 4
metric,value
same-system events on AI-on-AI PRs,"7,292"
same-system events with a verdict,0
same-system approvals,0
same-system requests changes,0
cross-system events on AI-on-AI PRs,"4,401"
cross-system events with a verdict,161
cross-system approvals,63
cross-system requests changes,98
human events on AI-on-AI PRs,"9,258"
human events with a verdict,"3,732"
human approvals,"2,753"
human requests changes,979
cross-system verdict share (%),3.7
human verdict share (%),40.3
PRs with a human approval,"1,599"
PRs with a human request-changes,529
human approval share of AI-on-AI PRs (%),36.5
human request-changes share (%),12.1
human-review PRs with a verdict,"1,844"
human-review PRs with a verdict share (%),76.7
PRs with both human verdicts,284
PRs with an AI verdict,103
AI-verdict share of AI-on-AI PRs (%),2.3
