# RQ2 | adjudication log: all 79 arbitrated disagreements (unit, stratum, both labels, and the arbitrated final)
id,stratum,pass1,pass2,final
2913113499,cross-system summary,findings digest,verification report,verification report
2931190563,cross-system summary,other,findings digest,findings digest
3036941417,cross-system summary,findings digest,change overview,change overview
1896230351,cross-inline,Improvement suggestion,Code-issue feedback,Code-issue feedback
1938582422,cross-inline,Code-issue feedback,Improvement suggestion,Improvement suggestion
2228587768,cross-inline,Improvement suggestion,Code-issue feedback,Improvement suggestion
2232957712,cross-inline,Improvement suggestion,Other,Improvement suggestion
2823281262,cross-summary,review unavailable,platform notice,review unavailable
2848863483,cross-summary,findings digest,change overview,change overview
2884544221,cross-summary,change overview,approval verdict,approval verdict
2901000365,cross-summary,change overview,approval verdict,approval verdict
2907674267,cross-summary,improvement suggestion,findings digest,findings digest
2909031891,cross-summary,findings digest,approval verdict,approval verdict
2912969163,cross-summary,findings digest,verification report,findings digest
2916744804,cross-summary,findings digest,approval verdict,approval verdict
2923605920,cross-summary,findings digest,approval verdict,approval verdict
2926238136,cross-summary,change overview,findings digest,findings digest
2926938429,cross-summary,change overview,findings digest,findings digest
2929038001,cross-summary,findings digest,approval verdict,approval verdict
2948061172,cross-summary,findings digest,approval verdict,approval verdict
2957029159,cross-summary,findings digest,approval verdict,approval verdict
2972095880,cross-summary,findings digest,approval verdict,approval verdict
2983083959,cross-summary,findings digest,approval verdict,approval verdict
2984547075,cross-summary,findings digest,approval verdict,approval verdict
2984903126,cross-summary,findings digest,change overview,change overview
2991903745,cross-summary,findings digest,approval verdict,approval verdict
2997155419,cross-summary,findings digest,change overview,change overview
2997944960,cross-summary,findings digest,approval verdict,approval verdict
2999992376,cross-summary,findings digest,approval verdict,approval verdict
3013415138,cross-summary,findings digest,change overview,change overview
3017073989,cross-summary,findings digest,approval verdict,approval verdict
3026145770,cross-summary,findings digest,approval verdict,approval verdict
3036148535,cross-summary,findings digest,change overview,findings digest
3061925899,cross-summary,findings digest,change overview,findings digest
3081258490,cross-summary,findings digest,approval verdict,approval verdict
2096533496,same-inline,Change acknowledgment,Response to feedback,Response to feedback
2097276075,same-inline,Other,Improvement suggestion,Improvement suggestion
2097869492,same-inline,Other,Change acknowledgment,Change acknowledgment
2098714852,same-inline,Other,Response to feedback,Explanation
2100826514,same-inline,Other,Change acknowledgment,Change acknowledgment
2103269564,same-inline,Code-issue feedback,Workflow/verification report,Workflow/verification report
2124845515,same-inline,Change acknowledgment,Response to feedback,Response to feedback
2129194671,same-inline,Response to feedback,Change acknowledgment,Response to feedback
2136870277,same-inline,Other,Response to feedback,Explanation
2138265835,same-inline,Other,Explanation,Explanation
2138304107,same-inline,Workflow/verification report,Change acknowledgment,Change acknowledgment
2138702666,same-inline,Other,Response to feedback,Response to feedback
2138775312,same-inline,Change acknowledgment,Response to feedback,Explanation
2139561741,same-inline,Clarification/question,Explanation,Explanation
2141364532,same-inline,Other,Change acknowledgment,Change acknowledgment
2144273274,same-inline,Code-issue feedback,Explanation,Explanation
2150938753,same-inline,Other,Response to feedback,Response to feedback
2151335418,same-inline,Other,Response to feedback,Explanation
2156167374,same-inline,Change acknowledgment,Response to feedback,Response to feedback
2157390046,same-inline,Change acknowledgment,Response to feedback,Response to feedback
2157433414,same-inline,Change acknowledgment,Response to feedback,Response to feedback
2169838027,same-inline,Improvement suggestion,Clarification/question,Clarification/question
2178022223,same-inline,Response to feedback,Change acknowledgment,Response to feedback
2180673769,same-inline,Improvement suggestion,Clarification/question,Explanation
2190595430,same-inline,Response to feedback,Change acknowledgment,Response to feedback
2195364485,same-inline,Response to feedback,Change acknowledgment,Response to feedback
2199225190,same-inline,Code-issue feedback,Workflow/verification report,Workflow/verification report
2201364109,same-inline,Response to feedback,Improvement suggestion,Improvement suggestion
2201497447,same-inline,Change acknowledgment,Response to feedback,Response to feedback
2203944660,same-inline,Change acknowledgment,Response to feedback,Response to feedback
2204361786,same-inline,Code-issue feedback,Other,Workflow/verification report
2230020723,same-inline,Other,Response to feedback,Explanation
2242176697,same-inline,Change acknowledgment,Response to feedback,Response to feedback
2887741163,same-summary,findings digest,Change overview,change overview
2890358420,same-summary,findings digest,Change overview,change overview
2902613436,same-summary,findings digest,Change overview,change overview
2916177042,same-summary,verification report,Change overview,change overview
2932609460,same-summary,findings digest,Change overview,change overview
3014266563,same-summary,findings digest,change overview,change overview
3019154880,same-summary,findings digest,change overview,change overview
3027854768,same-summary,verification report,change overview,change overview
3036369778,same-summary,verification report,findings digest,findings digest
3039713700,same-summary,findings digest,change overview,change overview
3047486436,same-summary,verification report,change overview,change overview
