# RQ2 | double-coding of the cross-system summary sample (348 units): pass1, pass2, wave, adjudicated final
id,round,pass1,pass2,final,adjudicated
2590919430,completion,change overview,change overview,change overview,False
2692564166,pilot,change overview,change overview,change overview,False
2745025358,completion,other,other,other,False
2761673976,completion,verification report,verification report,verification report,False
2778730329,pilot,change overview,change overview,change overview,False
2785167101,completion,approval verdict,approval verdict,approval verdict,False
2787085447,completion,change overview,change overview,change overview,False
2797567542,pilot,change overview,change overview,change overview,False
2823281262,completion,review unavailable,platform notice,review unavailable,True
2827695822,completion,change overview,change overview,change overview,False
2830887188,pilot,change overview,change overview,change overview,False
2847466336,pilot,change overview,change overview,change overview,False
2847932627,pilot,findings digest,findings digest,findings digest,False
2847969945,completion,change overview,change overview,change overview,False
2847980025,completion,approval verdict,approval verdict,approval verdict,False
2848078485,completion,change overview,change overview,change overview,False
2848217684,completion,change overview,change overview,change overview,False
2848245505,completion,change overview,change overview,change overview,False
2848316558,pilot,approval verdict,approval verdict,approval verdict,False
2848336393,completion,approval verdict,approval verdict,approval verdict,False
2848337476,completion,change overview,change overview,change overview,False
2848345293,completion,change overview,change overview,change overview,False
2848346634,completion,change overview,change overview,change overview,False
2848352142,completion,findings digest,findings digest,findings digest,False
2848353423,completion,change overview,change overview,change overview,False
2848365125,completion,other,other,other,False
2848390085,pilot,change overview,change overview,change overview,False
2848550222,completion,change overview,change overview,change overview,False
2848863483,completion,findings digest,change overview,change overview,True
2848924522,completion,change overview,change overview,change overview,False
2849051436,pilot,change overview,change overview,change overview,False
2849087904,completion,change overview,change overview,change overview,False
2849129657,pilot,change overview,change overview,change overview,False
2849253759,completion,change overview,change overview,change overview,False
2849334171,completion,change overview,change overview,change overview,False
2849366486,completion,change overview,change overview,change overview,False
2850756526,completion,change overview,change overview,change overview,False
2850809554,pilot,change overview,change overview,change overview,False
2851211106,completion,change overview,change overview,change overview,False
2851785386,completion,change overview,change overview,change overview,False
2851803515,pilot,change overview,change overview,change overview,False
2852083392,pilot,change overview,change overview,change overview,False
2853072394,completion,approval verdict,approval verdict,approval verdict,False
2853154894,completion,change overview,change overview,change overview,False
2853984627,pilot,change overview,change overview,change overview,False
2854950938,pilot,change overview,change overview,change overview,False
2855006425,completion,change overview,change overview,change overview,False
2855074230,completion,other,other,other,False
2855157467,completion,change overview,change overview,change overview,False
2855285341,pilot,findings digest,findings digest,findings digest,False
2855359920,completion,change overview,change overview,change overview,False
2855401002,pilot,change overview,change overview,change overview,False
2855652006,pilot,change overview,change overview,change overview,False
2855866622,pilot,change overview,change overview,change overview,False
2855889558,completion,change overview,change overview,change overview,False
2856158753,completion,change overview,change overview,change overview,False
2856585558,completion,change overview,change overview,change overview,False
2857168929,completion,change overview,change overview,change overview,False
2857554393,completion,review unavailable,review unavailable,review unavailable,False
2858229379,pilot,change overview,change overview,change overview,False
2858438870,completion,change overview,change overview,change overview,False
2858857331,completion,change overview,change overview,change overview,False
2858871534,completion,change overview,change overview,change overview,False
2859368868,completion,change overview,change overview,change overview,False
2859607824,completion,findings digest,findings digest,findings digest,False
2860022121,completion,findings digest,findings digest,findings digest,False
2862952159,completion,approval verdict,approval verdict,approval verdict,False
2863175239,completion,approval verdict,approval verdict,approval verdict,False
2863778978,pilot,change overview,change overview,change overview,False
2866730788,pilot,change overview,change overview,change overview,False
2866861041,pilot,clarification,clarification,clarification,False
2869367665,completion,other,other,other,False
2869374555,pilot,other,other,other,False
2869809191,completion,change overview,change overview,change overview,False
2872630591,completion,change overview,change overview,change overview,False
2876208658,pilot,platform notice,platform notice,platform notice,False
2878376530,completion,findings digest,findings digest,findings digest,False
2879698516,completion,change overview,change overview,change overview,False
2879708671,completion,approval verdict,approval verdict,approval verdict,False
2879931807,completion,change overview,change overview,change overview,False
2880159733,completion,change overview,change overview,change overview,False
2880359585,pilot,findings digest,findings digest,findings digest,False
2880889758,pilot,change overview,change overview,change overview,False
2880890106,completion,change overview,change overview,change overview,False
2880891996,completion,change overview,change overview,change overview,False
2882404097,completion,change overview,change overview,change overview,False
2882461289,pilot,approval verdict,approval verdict,approval verdict,False
2882631131,pilot,approval verdict,approval verdict,approval verdict,False
2882804810,completion,change overview,change overview,change overview,False
2882992833,completion,approval verdict,approval verdict,approval verdict,False
2882998868,pilot,approval verdict,approval verdict,approval verdict,False
2883798609,pilot,change overview,change overview,change overview,False
2884332706,completion,improvement suggestion,improvement suggestion,improvement suggestion,False
2884544221,completion,change overview,approval verdict,approval verdict,True
2884605436,completion,change overview,change overview,change overview,False
2885802120,completion,change overview,change overview,change overview,False
2886115286,completion,change overview,change overview,change overview,False
2886390498,completion,approval verdict,approval verdict,approval verdict,False
2889332391,completion,approval verdict,approval verdict,approval verdict,False
2889755556,pilot,change overview,change overview,change overview,False
2890413904,completion,findings digest,findings digest,findings digest,False
2890535807,completion,findings digest,findings digest,findings digest,False
2890627764,completion,approval verdict,approval verdict,approval verdict,False
2893840873,completion,approval verdict,approval verdict,approval verdict,False
2894762304,completion,verification report,verification report,verification report,False
2895263933,pilot,change overview,change overview,change overview,False
2895305044,completion,change overview,change overview,change overview,False
2896473090,completion,improvement suggestion,improvement suggestion,improvement suggestion,False
2896855874,pilot,approval verdict,approval verdict,approval verdict,False
2897490178,pilot,improvement suggestion,improvement suggestion,improvement suggestion,False
2898033451,completion,change overview,change overview,change overview,False
2898288978,completion,change overview,change overview,change overview,False
2898317963,completion,change overview,change overview,change overview,False
2898651184,pilot,other,other,other,False
2899067383,completion,findings digest,findings digest,findings digest,False
2899121081,pilot,findings digest,findings digest,findings digest,False
2899581450,pilot,approval verdict,approval verdict,approval verdict,False
2900306437,completion,approval verdict,approval verdict,approval verdict,False
2900994626,pilot,other,other,other,False
2901000365,completion,change overview,approval verdict,approval verdict,True
2901122933,pilot,other,other,other,False
2901882652,pilot,findings digest,findings digest,findings digest,False
2903404014,completion,findings digest,findings digest,findings digest,False
2903634489,completion,findings digest,findings digest,findings digest,False
2903697273,completion,change overview,change overview,change overview,False
2903788048,completion,approval verdict,approval verdict,approval verdict,False
2904048238,completion,findings digest,findings digest,findings digest,False
2905935284,completion,findings digest,findings digest,findings digest,False
2906234761,completion,platform notice,platform notice,platform notice,False
2907143041,completion,change overview,change overview,change overview,False
2907674267,completion,improvement suggestion,findings digest,findings digest,True
2907821639,completion,findings digest,findings digest,findings digest,False
2908398700,completion,findings digest,findings digest,findings digest,False
2908413732,completion,findings digest,findings digest,findings digest,False
2908489602,completion,approval verdict,approval verdict,approval verdict,False
2908494854,completion,approval verdict,approval verdict,approval verdict,False
2908622268,completion,change overview,change overview,change overview,False
2908624678,completion,change overview,change overview,change overview,False
2908642228,completion,platform notice,platform notice,platform notice,False
2908643014,completion,change overview,change overview,change overview,False
2908940527,completion,change overview,change overview,change overview,False
2909031891,completion,findings digest,approval verdict,approval verdict,True
2909726141,completion,change overview,change overview,change overview,False
2909726284,completion,change overview,change overview,change overview,False
2912472782,completion,change overview,change overview,change overview,False
2912969163,completion,findings digest,verification report,findings digest,True
2913113499,pilot,verification report,verification report,verification report,False
2915115792,pilot,change overview,change overview,change overview,False
2916744804,completion,findings digest,approval verdict,approval verdict,True
2916911209,completion,findings digest,findings digest,findings digest,False
2917143129,completion,change overview,change overview,change overview,False
2917826683,completion,change overview,change overview,change overview,False
2918027698,completion,change overview,change overview,change overview,False
2921009287,completion,findings digest,findings digest,findings digest,False
2921246733,completion,findings digest,findings digest,findings digest,False
2921298757,completion,findings digest,findings digest,findings digest,False
2923605920,completion,findings digest,approval verdict,approval verdict,True
2923919754,completion,change overview,change overview,change overview,False
2924158903,completion,change overview,change overview,change overview,False
2924493802,completion,change overview,change overview,change overview,False
2925520708,pilot,change overview,change overview,change overview,False
2925578257,completion,findings digest,findings digest,findings digest,False
2926238136,completion,change overview,findings digest,findings digest,True
2926938429,completion,change overview,findings digest,findings digest,True
2928555575,completion,change overview,change overview,change overview,False
2928946692,completion,change overview,change overview,change overview,False
2929038001,completion,findings digest,approval verdict,approval verdict,True
2929261762,completion,verification report,verification report,verification report,False
2930963502,completion,change overview,change overview,change overview,False
2931190563,pilot,findings digest,findings digest,findings digest,False
2932296309,completion,change overview,change overview,change overview,False
2933515412,pilot,approval verdict,approval verdict,approval verdict,False
2933636912,pilot,change overview,change overview,change overview,False
2933956696,completion,change overview,change overview,change overview,False
2934479096,pilot,approval verdict,approval verdict,approval verdict,False
2934479925,pilot,findings digest,findings digest,findings digest,False
2935282208,completion,change overview,change overview,change overview,False
2935305175,completion,findings digest,findings digest,findings digest,False
2936452521,completion,change overview,change overview,change overview,False
2937484073,completion,change overview,change overview,change overview,False
2937571952,completion,change overview,change overview,change overview,False
2937619315,completion,approval verdict,approval verdict,approval verdict,False
2939844664,completion,platform notice,platform notice,platform notice,False
2944119814,pilot,change overview,change overview,change overview,False
2944413873,completion,findings digest,findings digest,findings digest,False
2944425108,rest,change overview,change overview,change overview,False
2944429385,rest,findings digest,findings digest,findings digest,False
2946031349,completion,change overview,change overview,change overview,False
2946388479,completion,change overview,change overview,change overview,False
2946677338,completion,findings digest,findings digest,findings digest,False
2946713596,rest,findings digest,findings digest,findings digest,False
2946752825,completion,findings digest,findings digest,findings digest,False
2946815010,completion,findings digest,findings digest,findings digest,False
2947765252,rest,findings digest,findings digest,findings digest,False
2948008339,completion,findings digest,findings digest,findings digest,False
2948061172,completion,findings digest,approval verdict,approval verdict,True
2951536787,rest,change overview,change overview,change overview,False
2951939013,completion,platform notice,platform notice,platform notice,False
2956188669,completion,change overview,change overview,change overview,False
2957029159,completion,findings digest,approval verdict,approval verdict,True
2957309960,completion,change overview,change overview,change overview,False
2957450637,completion,change overview,change overview,change overview,False
2958819240,rest,findings digest,findings digest,findings digest,False
2959346430,completion,findings digest,findings digest,findings digest,False
2959408267,rest,findings digest,findings digest,findings digest,False
2959664783,completion,change overview,change overview,change overview,False
2959693223,completion,change overview,change overview,change overview,False
2961895480,rest,findings digest,findings digest,findings digest,False
2962426276,completion,change overview,change overview,change overview,False
2967046196,completion,change overview,change overview,change overview,False
2967996945,rest,change overview,change overview,change overview,False
2968942610,completion,approval verdict,approval verdict,approval verdict,False
2969056982,completion,change overview,change overview,change overview,False
2969063218,completion,change overview,change overview,change overview,False
2969472327,completion,findings digest,findings digest,findings digest,False
2969578016,completion,change overview,change overview,change overview,False
2971887286,completion,approval verdict,approval verdict,approval verdict,False
2972095880,completion,findings digest,approval verdict,approval verdict,True
2973340311,completion,findings digest,findings digest,findings digest,False
2974034865,completion,findings digest,findings digest,findings digest,False
2974229738,completion,change overview,change overview,change overview,False
2975269072,rest,change overview,change overview,change overview,False
2976819287,completion,approval verdict,approval verdict,approval verdict,False
2976904840,completion,findings digest,findings digest,findings digest,False
2977188791,completion,findings digest,findings digest,findings digest,False
2979975037,completion,approval verdict,approval verdict,approval verdict,False
2979977799,completion,approval verdict,approval verdict,approval verdict,False
2982798385,rest,findings digest,findings digest,findings digest,False
2983077864,completion,change overview,change overview,change overview,False
2983083959,completion,findings digest,approval verdict,approval verdict,True
2983707687,completion,findings digest,findings digest,findings digest,False
2984547075,completion,findings digest,approval verdict,approval verdict,True
2984903126,completion,findings digest,change overview,change overview,True
2985274260,completion,change overview,change overview,change overview,False
2985896729,completion,findings digest,findings digest,findings digest,False
2987271728,completion,change overview,change overview,change overview,False
2987975973,rest,change overview,change overview,change overview,False
2988327326,completion,change overview,change overview,change overview,False
2989686483,rest,change overview,change overview,change overview,False
2990148310,completion,change overview,change overview,change overview,False
2990679510,rest,findings digest,findings digest,findings digest,False
2991752895,completion,findings digest,findings digest,findings digest,False
2991874373,completion,change overview,change overview,change overview,False
2991903745,completion,findings digest,approval verdict,approval verdict,True
2995108001,completion,findings digest,findings digest,findings digest,False
2995204569,rest,change overview,change overview,change overview,False
2995235300,completion,other,other,other,False
2995749783,rest,change overview,change overview,change overview,False
2995928030,completion,change overview,change overview,change overview,False
2996318413,completion,change overview,change overview,change overview,False
2996596834,rest,review unavailable,review unavailable,review unavailable,False
2997022287,completion,change overview,change overview,change overview,False
2997022347,rest,change overview,change overview,change overview,False
2997155419,completion,findings digest,change overview,change overview,True
2997471707,completion,change overview,change overview,change overview,False
2997841161,completion,change overview,change overview,change overview,False
2997944960,completion,findings digest,approval verdict,approval verdict,True
2998480506,rest,findings digest,findings digest,findings digest,False
2999992376,completion,findings digest,approval verdict,approval verdict,True
3000258039,completion,findings digest,findings digest,findings digest,False
3000597492,completion,findings digest,findings digest,findings digest,False
3001744813,completion,change overview,change overview,change overview,False
3002093794,completion,approval verdict,approval verdict,approval verdict,False
3005160872,completion,change overview,change overview,change overview,False
3005755568,rest,findings digest,findings digest,findings digest,False
3008511704,rest,findings digest,findings digest,findings digest,False
3009486351,completion,change overview,change overview,change overview,False
3009710031,rest,change overview,change overview,change overview,False
3011401780,completion,findings digest,findings digest,findings digest,False
3011937366,rest,change overview,change overview,change overview,False
3013415138,completion,findings digest,change overview,change overview,True
3013599512,rest,change overview,change overview,change overview,False
3013828450,completion,findings digest,findings digest,findings digest,False
3014291332,completion,findings digest,findings digest,findings digest,False
3014293180,rest,findings digest,findings digest,findings digest,False
3016375090,rest,change overview,change overview,change overview,False
3016447514,completion,change overview,change overview,change overview,False
3017073989,completion,findings digest,approval verdict,approval verdict,True
3017290100,completion,findings digest,findings digest,findings digest,False
3017312892,completion,findings digest,findings digest,findings digest,False
3017542156,completion,findings digest,findings digest,findings digest,False
3018081821,rest,findings digest,findings digest,findings digest,False
3021060506,rest,change overview,change overview,change overview,False
3021162392,completion,findings digest,findings digest,findings digest,False
3021605553,completion,findings digest,findings digest,findings digest,False
3021734634,rest,change overview,change overview,change overview,False
3022528085,completion,findings digest,findings digest,findings digest,False
3025183342,rest,findings digest,findings digest,findings digest,False
3025701810,rest,change overview,change overview,change overview,False
3025716983,completion,change overview,change overview,change overview,False
3026145770,completion,findings digest,approval verdict,approval verdict,True
3026410157,completion,findings digest,findings digest,findings digest,False
3027324994,completion,findings digest,findings digest,findings digest,False
3029689116,rest,findings digest,findings digest,findings digest,False
3030691966,rest,findings digest,findings digest,findings digest,False
3031476672,completion,findings digest,findings digest,findings digest,False
3033231679,completion,findings digest,findings digest,findings digest,False
3033329176,completion,findings digest,findings digest,findings digest,False
3033792642,rest,approval verdict,approval verdict,approval verdict,False
3033942611,rest,approval verdict,approval verdict,approval verdict,False
3034118246,completion,change overview,change overview,change overview,False
3034817468,completion,approval verdict,approval verdict,approval verdict,False
3034991154,completion,findings digest,findings digest,findings digest,False
3035387218,rest,change overview,change overview,change overview,False
3035426846,completion,change overview,change overview,change overview,False
3035494318,completion,change overview,change overview,change overview,False
3035496557,completion,change overview,change overview,change overview,False
3035572608,rest,change overview,change overview,change overview,False
3036008192,completion,change overview,change overview,change overview,False
3036148535,completion,findings digest,change overview,findings digest,True
3036211810,rest,platform notice,platform notice,platform notice,False
3036244916,completion,findings digest,findings digest,findings digest,False
3036932001,rest,findings digest,findings digest,findings digest,False
3036940774,completion,change overview,change overview,change overview,False
3036941417,rest,change overview,change overview,change overview,False
3039259014,completion,findings digest,findings digest,findings digest,False
3039357632,completion,findings digest,findings digest,findings digest,False
3042494747,completion,change overview,change overview,change overview,False
3044001066,completion,findings digest,findings digest,findings digest,False
3044313533,completion,findings digest,findings digest,findings digest,False
3044331189,completion,approval verdict,approval verdict,approval verdict,False
3044813005,rest,findings digest,findings digest,findings digest,False
3045130515,completion,findings digest,findings digest,findings digest,False
3045296786,rest,findings digest,findings digest,findings digest,False
3045497845,rest,change overview,change overview,change overview,False
3045918559,completion,change overview,change overview,change overview,False
3046471491,completion,findings digest,findings digest,findings digest,False
3047209756,rest,change overview,change overview,change overview,False
3047958854,completion,findings digest,findings digest,findings digest,False
3052105385,completion,findings digest,findings digest,findings digest,False
3053541988,completion,findings digest,findings digest,findings digest,False
3054038725,completion,findings digest,findings digest,findings digest,False
3055084145,completion,change overview,change overview,change overview,False
3057966199,rest,findings digest,findings digest,findings digest,False
3057971187,rest,findings digest,findings digest,findings digest,False
3058232899,completion,change overview,change overview,change overview,False
3060927256,completion,change overview,change overview,change overview,False
3061925899,completion,findings digest,change overview,findings digest,True
3061968913,completion,change overview,change overview,change overview,False
3062416679,completion,findings digest,findings digest,findings digest,False
3064364024,rest,findings digest,findings digest,findings digest,False
3067598383,completion,findings digest,findings digest,findings digest,False
3069519623,completion,change overview,change overview,change overview,False
3070351076,rest,change overview,change overview,change overview,False
3070422185,rest,findings digest,findings digest,findings digest,False
3073554537,rest,approval verdict,approval verdict,approval verdict,False
3081258490,completion,findings digest,approval verdict,approval verdict,True
3335123240,completion,change overview,change overview,change overview,False
