# RQ2 | cross-system summary sample (348 units): both annotations and the adjudicated final
id,pass1,pass2,final
2590919430,change overview,change overview,change overview
2692564166,change overview,change overview,change overview
2745025358,other,other,other
2761673976,verification report,verification report,verification report
2778730329,change overview,change overview,change overview
2785167101,approval verdict,approval verdict,approval verdict
2787085447,change overview,change overview,change overview
2797567542,change overview,change overview,change overview
2823281262,review unavailable,platform notice,review unavailable
2827695822,change overview,change overview,change overview
2830887188,change overview,change overview,change overview
2847466336,change overview,change overview,change overview
2847932627,findings digest,findings digest,findings digest
2847969945,change overview,change overview,change overview
2847980025,approval verdict,approval verdict,approval verdict
2848078485,change overview,change overview,change overview
2848217684,change overview,change overview,change overview
2848245505,change overview,change overview,change overview
2848316558,approval verdict,approval verdict,approval verdict
2848336393,approval verdict,approval verdict,approval verdict
2848337476,change overview,change overview,change overview
2848345293,change overview,change overview,change overview
2848346634,change overview,change overview,change overview
2848352142,findings digest,findings digest,findings digest
2848353423,change overview,change overview,change overview
2848365125,other,other,other
2848390085,change overview,change overview,change overview
2848550222,change overview,change overview,change overview
2848863483,findings digest,change overview,change overview
2848924522,change overview,change overview,change overview
2849051436,change overview,change overview,change overview
2849087904,change overview,change overview,change overview
2849129657,change overview,change overview,change overview
2849253759,change overview,change overview,change overview
2849334171,change overview,change overview,change overview
2849366486,change overview,change overview,change overview
2850756526,change overview,change overview,change overview
2850809554,change overview,change overview,change overview
2851211106,change overview,change overview,change overview
2851785386,change overview,change overview,change overview
2851803515,change overview,change overview,change overview
2852083392,change overview,change overview,change overview
2853072394,approval verdict,approval verdict,approval verdict
2853154894,change overview,change overview,change overview
2853984627,change overview,change overview,change overview
2854950938,change overview,change overview,change overview
2855006425,change overview,change overview,change overview
2855074230,other,other,other
2855157467,change overview,change overview,change overview
2855285341,findings digest,findings digest,findings digest
2855359920,change overview,change overview,change overview
2855401002,change overview,change overview,change overview
2855652006,change overview,change overview,change overview
2855866622,change overview,change overview,change overview
2855889558,change overview,change overview,change overview
2856158753,change overview,change overview,change overview
2856585558,change overview,change overview,change overview
2857168929,change overview,change overview,change overview
2857554393,review unavailable,review unavailable,review unavailable
2858229379,change overview,change overview,change overview
2858438870,change overview,change overview,change overview
2858857331,change overview,change overview,change overview
2858871534,change overview,change overview,change overview
2859368868,change overview,change overview,change overview
2859607824,findings digest,findings digest,findings digest
2860022121,findings digest,findings digest,findings digest
2862952159,approval verdict,approval verdict,approval verdict
2863175239,approval verdict,approval verdict,approval verdict
2863778978,change overview,change overview,change overview
2866730788,change overview,change overview,change overview
2866861041,clarification,clarification,clarification
2869367665,other,other,other
2869374555,other,other,other
2869809191,change overview,change overview,change overview
2872630591,change overview,change overview,change overview
2876208658,platform notice,platform notice,platform notice
2878376530,findings digest,findings digest,findings digest
2879698516,change overview,change overview,change overview
2879708671,approval verdict,approval verdict,approval verdict
2879931807,change overview,change overview,change overview
2880159733,change overview,change overview,change overview
2880359585,findings digest,findings digest,findings digest
2880889758,change overview,change overview,change overview
2880890106,change overview,change overview,change overview
2880891996,change overview,change overview,change overview
2882404097,change overview,change overview,change overview
2882461289,approval verdict,approval verdict,approval verdict
2882631131,approval verdict,approval verdict,approval verdict
2882804810,change overview,change overview,change overview
2882992833,approval verdict,approval verdict,approval verdict
2882998868,approval verdict,approval verdict,approval verdict
2883798609,change overview,change overview,change overview
2884332706,improvement suggestion,improvement suggestion,improvement suggestion
2884544221,change overview,approval verdict,approval verdict
2884605436,change overview,change overview,change overview
2885802120,change overview,change overview,change overview
2886115286,change overview,change overview,change overview
2886390498,approval verdict,approval verdict,approval verdict
2889332391,approval verdict,approval verdict,approval verdict
2889755556,change overview,change overview,change overview
2890413904,findings digest,findings digest,findings digest
2890535807,findings digest,findings digest,findings digest
2890627764,approval verdict,approval verdict,approval verdict
2893840873,approval verdict,approval verdict,approval verdict
2894762304,verification report,verification report,verification report
2895263933,change overview,change overview,change overview
2895305044,change overview,change overview,change overview
2896473090,improvement suggestion,improvement suggestion,improvement suggestion
2896855874,approval verdict,approval verdict,approval verdict
2897490178,improvement suggestion,improvement suggestion,improvement suggestion
2898033451,change overview,change overview,change overview
2898288978,change overview,change overview,change overview
2898317963,change overview,change overview,change overview
2898651184,other,other,other
2899067383,findings digest,findings digest,findings digest
2899121081,findings digest,findings digest,findings digest
2899581450,approval verdict,approval verdict,approval verdict
2900306437,approval verdict,approval verdict,approval verdict
2900994626,other,other,other
2901000365,change overview,approval verdict,approval verdict
2901122933,other,other,other
2901882652,findings digest,findings digest,findings digest
2903404014,findings digest,findings digest,findings digest
2903634489,findings digest,findings digest,findings digest
2903697273,change overview,change overview,change overview
2903788048,approval verdict,approval verdict,approval verdict
2904048238,findings digest,findings digest,findings digest
2905935284,findings digest,findings digest,findings digest
2906234761,platform notice,platform notice,platform notice
2907143041,change overview,change overview,change overview
2907674267,improvement suggestion,findings digest,findings digest
2907821639,findings digest,findings digest,findings digest
2908398700,findings digest,findings digest,findings digest
2908413732,findings digest,findings digest,findings digest
2908489602,approval verdict,approval verdict,approval verdict
2908494854,approval verdict,approval verdict,approval verdict
2908622268,change overview,change overview,change overview
2908624678,change overview,change overview,change overview
2908642228,platform notice,platform notice,platform notice
2908643014,change overview,change overview,change overview
2908940527,change overview,change overview,change overview
2909031891,findings digest,approval verdict,approval verdict
2909726141,change overview,change overview,change overview
2909726284,change overview,change overview,change overview
2912472782,change overview,change overview,change overview
2912969163,findings digest,verification report,findings digest
2913113499,verification report,verification report,verification report
2915115792,change overview,change overview,change overview
2916744804,findings digest,approval verdict,approval verdict
2916911209,findings digest,findings digest,findings digest
2917143129,change overview,change overview,change overview
2917826683,change overview,change overview,change overview
2918027698,change overview,change overview,change overview
2921009287,findings digest,findings digest,findings digest
2921246733,findings digest,findings digest,findings digest
2921298757,findings digest,findings digest,findings digest
2923605920,findings digest,approval verdict,approval verdict
2923919754,change overview,change overview,change overview
2924158903,change overview,change overview,change overview
2924493802,change overview,change overview,change overview
2925520708,change overview,change overview,change overview
2925578257,findings digest,findings digest,findings digest
2926238136,change overview,findings digest,findings digest
2926938429,change overview,findings digest,findings digest
2928555575,change overview,change overview,change overview
2928946692,change overview,change overview,change overview
2929038001,findings digest,approval verdict,approval verdict
2929261762,verification report,verification report,verification report
2930963502,change overview,change overview,change overview
2931190563,findings digest,findings digest,findings digest
2932296309,change overview,change overview,change overview
2933515412,approval verdict,approval verdict,approval verdict
2933636912,change overview,change overview,change overview
2933956696,change overview,change overview,change overview
2934479096,approval verdict,approval verdict,approval verdict
2934479925,findings digest,findings digest,findings digest
2935282208,change overview,change overview,change overview
2935305175,findings digest,findings digest,findings digest
2936452521,change overview,change overview,change overview
2937484073,change overview,change overview,change overview
2937571952,change overview,change overview,change overview
2937619315,approval verdict,approval verdict,approval verdict
2939844664,platform notice,platform notice,platform notice
2944119814,change overview,change overview,change overview
2944413873,findings digest,findings digest,findings digest
2944425108,change overview,change overview,change overview
2944429385,findings digest,findings digest,findings digest
2946031349,change overview,change overview,change overview
2946388479,change overview,change overview,change overview
2946677338,findings digest,findings digest,findings digest
2946713596,findings digest,findings digest,findings digest
2946752825,findings digest,findings digest,findings digest
2946815010,findings digest,findings digest,findings digest
2947765252,findings digest,findings digest,findings digest
2948008339,findings digest,findings digest,findings digest
2948061172,findings digest,approval verdict,approval verdict
2951536787,change overview,change overview,change overview
2951939013,platform notice,platform notice,platform notice
2956188669,change overview,change overview,change overview
2957029159,findings digest,approval verdict,approval verdict
2957309960,change overview,change overview,change overview
2957450637,change overview,change overview,change overview
2958819240,findings digest,findings digest,findings digest
2959346430,findings digest,findings digest,findings digest
2959408267,findings digest,findings digest,findings digest
2959664783,change overview,change overview,change overview
2959693223,change overview,change overview,change overview
2961895480,findings digest,findings digest,findings digest
2962426276,change overview,change overview,change overview
2967046196,change overview,change overview,change overview
2967996945,change overview,change overview,change overview
2968942610,approval verdict,approval verdict,approval verdict
2969056982,change overview,change overview,change overview
2969063218,change overview,change overview,change overview
2969472327,findings digest,findings digest,findings digest
2969578016,change overview,change overview,change overview
2971887286,approval verdict,approval verdict,approval verdict
2972095880,findings digest,approval verdict,approval verdict
2973340311,findings digest,findings digest,findings digest
2974034865,findings digest,findings digest,findings digest
2974229738,change overview,change overview,change overview
2975269072,change overview,change overview,change overview
2976819287,approval verdict,approval verdict,approval verdict
2976904840,findings digest,findings digest,findings digest
2977188791,findings digest,findings digest,findings digest
2979975037,approval verdict,approval verdict,approval verdict
2979977799,approval verdict,approval verdict,approval verdict
2982798385,findings digest,findings digest,findings digest
2983077864,change overview,change overview,change overview
2983083959,findings digest,approval verdict,approval verdict
2983707687,findings digest,findings digest,findings digest
2984547075,findings digest,approval verdict,approval verdict
2984903126,findings digest,change overview,change overview
2985274260,change overview,change overview,change overview
2985896729,findings digest,findings digest,findings digest
2987271728,change overview,change overview,change overview
2987975973,change overview,change overview,change overview
2988327326,change overview,change overview,change overview
2989686483,change overview,change overview,change overview
2990148310,change overview,change overview,change overview
2990679510,findings digest,findings digest,findings digest
2991752895,findings digest,findings digest,findings digest
2991874373,change overview,change overview,change overview
2991903745,findings digest,approval verdict,approval verdict
2995108001,findings digest,findings digest,findings digest
2995204569,change overview,change overview,change overview
2995235300,other,other,other
2995749783,change overview,change overview,change overview
2995928030,change overview,change overview,change overview
2996318413,change overview,change overview,change overview
2996596834,review unavailable,review unavailable,review unavailable
2997022287,change overview,change overview,change overview
2997022347,change overview,change overview,change overview
2997155419,findings digest,change overview,change overview
2997471707,change overview,change overview,change overview
2997841161,change overview,change overview,change overview
2997944960,findings digest,approval verdict,approval verdict
2998480506,findings digest,findings digest,findings digest
2999992376,findings digest,approval verdict,approval verdict
3000258039,findings digest,findings digest,findings digest
3000597492,findings digest,findings digest,findings digest
3001744813,change overview,change overview,change overview
3002093794,approval verdict,approval verdict,approval verdict
3005160872,change overview,change overview,change overview
3005755568,findings digest,findings digest,findings digest
3008511704,findings digest,findings digest,findings digest
3009486351,change overview,change overview,change overview
3009710031,change overview,change overview,change overview
3011401780,findings digest,findings digest,findings digest
3011937366,change overview,change overview,change overview
3013415138,findings digest,change overview,change overview
3013599512,change overview,change overview,change overview
3013828450,findings digest,findings digest,findings digest
3014291332,findings digest,findings digest,findings digest
3014293180,findings digest,findings digest,findings digest
3016375090,change overview,change overview,change overview
3016447514,change overview,change overview,change overview
3017073989,findings digest,approval verdict,approval verdict
3017290100,findings digest,findings digest,findings digest
3017312892,findings digest,findings digest,findings digest
3017542156,findings digest,findings digest,findings digest
3018081821,findings digest,findings digest,findings digest
3021060506,change overview,change overview,change overview
3021162392,findings digest,findings digest,findings digest
3021605553,findings digest,findings digest,findings digest
3021734634,change overview,change overview,change overview
3022528085,findings digest,findings digest,findings digest
3025183342,findings digest,findings digest,findings digest
3025701810,change overview,change overview,change overview
3025716983,change overview,change overview,change overview
3026145770,findings digest,approval verdict,approval verdict
3026410157,findings digest,findings digest,findings digest
3027324994,findings digest,findings digest,findings digest
3029689116,findings digest,findings digest,findings digest
3030691966,findings digest,findings digest,findings digest
3031476672,findings digest,findings digest,findings digest
3033231679,findings digest,findings digest,findings digest
3033329176,findings digest,findings digest,findings digest
3033792642,approval verdict,approval verdict,approval verdict
3033942611,approval verdict,approval verdict,approval verdict
3034118246,change overview,change overview,change overview
3034817468,approval verdict,approval verdict,approval verdict
3034991154,findings digest,findings digest,findings digest
3035387218,change overview,change overview,change overview
3035426846,change overview,change overview,change overview
3035494318,change overview,change overview,change overview
3035496557,change overview,change overview,change overview
3035572608,change overview,change overview,change overview
3036008192,change overview,change overview,change overview
3036148535,findings digest,change overview,findings digest
3036211810,platform notice,platform notice,platform notice
3036244916,findings digest,findings digest,findings digest
3036932001,findings digest,findings digest,findings digest
3036940774,change overview,change overview,change overview
3036941417,change overview,change overview,change overview
3039259014,findings digest,findings digest,findings digest
3039357632,findings digest,findings digest,findings digest
3042494747,change overview,change overview,change overview
3044001066,findings digest,findings digest,findings digest
3044313533,findings digest,findings digest,findings digest
3044331189,approval verdict,approval verdict,approval verdict
3044813005,findings digest,findings digest,findings digest
3045130515,findings digest,findings digest,findings digest
3045296786,findings digest,findings digest,findings digest
3045497845,change overview,change overview,change overview
3045918559,change overview,change overview,change overview
3046471491,findings digest,findings digest,findings digest
3047209756,change overview,change overview,change overview
3047958854,findings digest,findings digest,findings digest
3052105385,findings digest,findings digest,findings digest
3053541988,findings digest,findings digest,findings digest
3054038725,findings digest,findings digest,findings digest
3055084145,change overview,change overview,change overview
3057966199,findings digest,findings digest,findings digest
3057971187,findings digest,findings digest,findings digest
3058232899,change overview,change overview,change overview
3060927256,change overview,change overview,change overview
3061925899,findings digest,change overview,findings digest
3061968913,change overview,change overview,change overview
3062416679,findings digest,findings digest,findings digest
3064364024,findings digest,findings digest,findings digest
3067598383,findings digest,findings digest,findings digest
3069519623,change overview,change overview,change overview
3070351076,change overview,change overview,change overview
3070422185,findings digest,findings digest,findings digest
3073554537,approval verdict,approval verdict,approval verdict
3081258490,findings digest,approval verdict,approval verdict
3335123240,change overview,change overview,change overview
