# RQ2 | double-coding of the cross-system inline sample (357 units): pass1, pass2, wave, adjudicated final
id,round,pass1,pass2,final,adjudicated
1896229469,pilot,Improvement suggestion,Improvement suggestion,Improvement suggestion,False
1896230351,completion,Improvement suggestion,Code-issue feedback,Code-issue feedback,True
1896235606,pilot,Code-issue feedback,Code-issue feedback,Code-issue feedback,False
1896245271,completion,Code-issue feedback,Code-issue feedback,Code-issue feedback,False
1896256463,completion,Code-issue feedback,Code-issue feedback,Code-issue feedback,False
1938582422,completion,Code-issue feedback,Improvement suggestion,Improvement suggestion,True
1941678197,pilot,Improvement suggestion,Improvement suggestion,Improvement suggestion,False
1941678664,completion,Improvement suggestion,Improvement suggestion,Improvement suggestion,False
1943554629,completion,Improvement suggestion,Improvement suggestion,Improvement suggestion,False
1945444019,completion,Improvement suggestion,Improvement suggestion,Improvement suggestion,False
1971784915,completion,Improvement suggestion,Improvement suggestion,Improvement suggestion,False
1980707118,pilot,Improvement suggestion,Improvement suggestion,Improvement suggestion,False
1985928387,completion,Improvement suggestion,Improvement suggestion,Improvement suggestion,False
1986025658,pilot,Code-issue feedback,Code-issue feedback,Code-issue feedback,False
1992937389,completion,Improvement suggestion,Improvement suggestion,Improvement suggestion,False
1992938064,completion,Improvement suggestion,Improvement suggestion,Improvement suggestion,False
1992938757,completion,Improvement suggestion,Improvement suggestion,Improvement suggestion,False
1992999121,completion,Improvement suggestion,Improvement suggestion,Improvement suggestion,False
1992999602,completion,Improvement suggestion,Improvement suggestion,Improvement suggestion,False
2002461482,completion,Improvement suggestion,Improvement suggestion,Improvement suggestion,False
2006488893,completion,Code-issue feedback,Code-issue feedback,Code-issue feedback,False
2033010796,completion,Improvement suggestion,Improvement suggestion,Improvement suggestion,False
2033010810,completion,Improvement suggestion,Improvement suggestion,Improvement suggestion,False
2035639071,completion,Code-issue feedback,Code-issue feedback,Code-issue feedback,False
2035639087,completion,Improvement suggestion,Improvement suggestion,Improvement suggestion,False
2035639107,completion,Improvement suggestion,Improvement suggestion,Improvement suggestion,False
2036074371,completion,Improvement suggestion,Improvement suggestion,Improvement suggestion,False
2036074444,pilot,Code-issue feedback,Code-issue feedback,Code-issue feedback,False
2039122887,completion,Improvement suggestion,Improvement suggestion,Improvement suggestion,False
2040665943,pilot,Workflow/verification report,Workflow/verification report,Workflow/verification report,False
2081290179,completion,Improvement suggestion,Improvement suggestion,Improvement suggestion,False
2081295350,completion,Improvement suggestion,Improvement suggestion,Improvement suggestion,False
2081295397,completion,Improvement suggestion,Improvement suggestion,Improvement suggestion,False
2093778112,pilot,Improvement suggestion,Improvement suggestion,Improvement suggestion,False
2093929965,completion,Improvement suggestion,Improvement suggestion,Improvement suggestion,False
2094123152,pilot,Improvement suggestion,Improvement suggestion,Improvement suggestion,False
2094172694,pilot,Improvement suggestion,Improvement suggestion,Improvement suggestion,False
2094346351,pilot,Improvement suggestion,Improvement suggestion,Improvement suggestion,False
2094625774,completion,Improvement suggestion,Improvement suggestion,Improvement suggestion,False
2094806091,completion,Improvement suggestion,Improvement suggestion,Improvement suggestion,False
2094809398,completion,Improvement suggestion,Improvement suggestion,Improvement suggestion,False
2094998335,completion,Improvement suggestion,Improvement suggestion,Improvement suggestion,False
2094998344,completion,Improvement suggestion,Improvement suggestion,Improvement suggestion,False
2095150586,completion,Improvement suggestion,Improvement suggestion,Improvement suggestion,False
2095223032,completion,Improvement suggestion,Improvement suggestion,Improvement suggestion,False
2095224732,completion,Improvement suggestion,Improvement suggestion,Improvement suggestion,False
2095470188,completion,Improvement suggestion,Improvement suggestion,Improvement suggestion,False
2095629027,completion,Improvement suggestion,Improvement suggestion,Improvement suggestion,False
2096022288,completion,Improvement suggestion,Improvement suggestion,Improvement suggestion,False
2096203835,pilot,Improvement suggestion,Improvement suggestion,Improvement suggestion,False
2096801719,pilot,Improvement suggestion,Improvement suggestion,Improvement suggestion,False
2097930461,completion,Improvement suggestion,Improvement suggestion,Improvement suggestion,False
2097986362,completion,Improvement suggestion,Improvement suggestion,Improvement suggestion,False
2098146498,completion,Improvement suggestion,Improvement suggestion,Improvement suggestion,False
2098400718,completion,Improvement suggestion,Improvement suggestion,Improvement suggestion,False
2098491979,completion,Improvement suggestion,Improvement suggestion,Improvement suggestion,False
2099194599,completion,Improvement suggestion,Improvement suggestion,Improvement suggestion,False
2099261758,pilot,Improvement suggestion,Improvement suggestion,Improvement suggestion,False
2099268462,completion,Improvement suggestion,Improvement suggestion,Improvement suggestion,False
2099744046,completion,Improvement suggestion,Improvement suggestion,Improvement suggestion,False
2100721637,completion,Improvement suggestion,Improvement suggestion,Improvement suggestion,False
2101307338,completion,Improvement suggestion,Improvement suggestion,Improvement suggestion,False
2101377920,completion,Improvement suggestion,Improvement suggestion,Improvement suggestion,False
2101549139,completion,Improvement suggestion,Improvement suggestion,Improvement suggestion,False
2101921292,pilot,Improvement suggestion,Improvement suggestion,Improvement suggestion,False
2102878529,pilot,Improvement suggestion,Improvement suggestion,Improvement suggestion,False
2103652662,completion,Improvement suggestion,Improvement suggestion,Improvement suggestion,False
2103765282,completion,Improvement suggestion,Improvement suggestion,Improvement suggestion,False
2103792476,completion,Clarification/question,Clarification/question,Clarification/question,False
2103792484,completion,Improvement suggestion,Improvement suggestion,Improvement suggestion,False
2104178885,completion,Improvement suggestion,Improvement suggestion,Improvement suggestion,False
2104179998,completion,Improvement suggestion,Improvement suggestion,Improvement suggestion,False
2104183949,completion,Improvement suggestion,Improvement suggestion,Improvement suggestion,False
2105876549,pilot,Improvement suggestion,Improvement suggestion,Improvement suggestion,False
2106366968,completion,Change acknowledgment,Change acknowledgment,Change acknowledgment,False
2106536306,pilot,Improvement suggestion,Improvement suggestion,Improvement suggestion,False
2106545735,completion,Improvement suggestion,Improvement suggestion,Improvement suggestion,False
2107564328,completion,Improvement suggestion,Improvement suggestion,Improvement suggestion,False
2109241062,completion,Improvement suggestion,Improvement suggestion,Improvement suggestion,False
2110671418,pilot,Improvement suggestion,Improvement suggestion,Improvement suggestion,False
2110675122,pilot,Improvement suggestion,Improvement suggestion,Improvement suggestion,False
2110791802,completion,Improvement suggestion,Improvement suggestion,Improvement suggestion,False
2111505692,pilot,Improvement suggestion,Improvement suggestion,Improvement suggestion,False
2111791866,completion,Improvement suggestion,Improvement suggestion,Improvement suggestion,False
2115613967,completion,Improvement suggestion,Improvement suggestion,Improvement suggestion,False
2115614200,pilot,Improvement suggestion,Improvement suggestion,Improvement suggestion,False
2115615227,completion,Improvement suggestion,Improvement suggestion,Improvement suggestion,False
2115616719,completion,Improvement suggestion,Improvement suggestion,Improvement suggestion,False
2115617482,completion,Improvement suggestion,Improvement suggestion,Improvement suggestion,False
2115617500,pilot,Improvement suggestion,Improvement suggestion,Improvement suggestion,False
2115679186,completion,Improvement suggestion,Improvement suggestion,Improvement suggestion,False
2115766885,completion,Improvement suggestion,Improvement suggestion,Improvement suggestion,False
2116621619,completion,Improvement suggestion,Improvement suggestion,Improvement suggestion,False
2116820249,completion,Improvement suggestion,Improvement suggestion,Improvement suggestion,False
2119371592,completion,Improvement suggestion,Improvement suggestion,Improvement suggestion,False
2122163741,completion,Improvement suggestion,Improvement suggestion,Improvement suggestion,False
2122164770,completion,Improvement suggestion,Improvement suggestion,Improvement suggestion,False
2122165602,completion,Improvement suggestion,Improvement suggestion,Improvement suggestion,False
2122168314,completion,Improvement suggestion,Improvement suggestion,Improvement suggestion,False
2124347566,pilot,Improvement suggestion,Improvement suggestion,Improvement suggestion,False
2124347592,pilot,Improvement suggestion,Improvement suggestion,Improvement suggestion,False
2125645475,completion,Improvement suggestion,Improvement suggestion,Improvement suggestion,False
2125677363,completion,Improvement suggestion,Improvement suggestion,Improvement suggestion,False
2126270634,pilot,Improvement suggestion,Improvement suggestion,Improvement suggestion,False
2126272430,completion,Improvement suggestion,Improvement suggestion,Improvement suggestion,False
2126560019,completion,Improvement suggestion,Improvement suggestion,Improvement suggestion,False
2126986296,completion,Improvement suggestion,Improvement suggestion,Improvement suggestion,False
2127620728,completion,Improvement suggestion,Improvement suggestion,Improvement suggestion,False
2127732981,completion,Improvement suggestion,Improvement suggestion,Improvement suggestion,False
2127908619,completion,Improvement suggestion,Improvement suggestion,Improvement suggestion,False
2128048260,completion,Improvement suggestion,Improvement suggestion,Improvement suggestion,False
2130025668,completion,Improvement suggestion,Improvement suggestion,Improvement suggestion,False
2130799055,completion,Improvement suggestion,Improvement suggestion,Improvement suggestion,False
2130897852,completion,Code-issue feedback,Code-issue feedback,Code-issue feedback,False
2131284079,completion,Other,Other,Other,False
2131692708,completion,Improvement suggestion,Improvement suggestion,Improvement suggestion,False
2132023553,completion,Improvement suggestion,Improvement suggestion,Improvement suggestion,False
2132716281,pilot,Improvement suggestion,Improvement suggestion,Improvement suggestion,False
2134416203,pilot,Improvement suggestion,Improvement suggestion,Improvement suggestion,False
2134440696,pilot,Improvement suggestion,Improvement suggestion,Improvement suggestion,False
2134564947,completion,Clarification/question,Clarification/question,Clarification/question,False
2134833136,completion,Improvement suggestion,Improvement suggestion,Improvement suggestion,False
2135714063,completion,Improvement suggestion,Improvement suggestion,Improvement suggestion,False
2136079532,pilot,Improvement suggestion,Improvement suggestion,Improvement suggestion,False
2136607021,completion,Improvement suggestion,Improvement suggestion,Improvement suggestion,False
2136607027,pilot,Improvement suggestion,Improvement suggestion,Improvement suggestion,False
2136735397,completion,Improvement suggestion,Improvement suggestion,Improvement suggestion,False
2136867812,completion,Improvement suggestion,Improvement suggestion,Improvement suggestion,False
2136882297,pilot,Improvement suggestion,Improvement suggestion,Improvement suggestion,False
2136882308,completion,Improvement suggestion,Improvement suggestion,Improvement suggestion,False
2136899480,completion,Improvement suggestion,Improvement suggestion,Improvement suggestion,False
2137851354,completion,Improvement suggestion,Improvement suggestion,Improvement suggestion,False
2138333826,completion,Change acknowledgment,Change acknowledgment,Change acknowledgment,False
2138594658,completion,Improvement suggestion,Improvement suggestion,Improvement suggestion,False
2138733066,pilot,Improvement suggestion,Improvement suggestion,Improvement suggestion,False
2140417505,completion,Improvement suggestion,Improvement suggestion,Improvement suggestion,False
2140621625,completion,Other,Other,Other,False
2140622618,completion,Other,Other,Other,False
2141191761,completion,Improvement suggestion,Improvement suggestion,Improvement suggestion,False
2141273485,completion,Improvement suggestion,Improvement suggestion,Improvement suggestion,False
2141296970,completion,Improvement suggestion,Improvement suggestion,Improvement suggestion,False
2141306746,pilot,Improvement suggestion,Improvement suggestion,Improvement suggestion,False
2141306754,completion,Improvement suggestion,Improvement suggestion,Improvement suggestion,False
2141365161,completion,Improvement suggestion,Improvement suggestion,Improvement suggestion,False
2141801302,completion,Improvement suggestion,Improvement suggestion,Improvement suggestion,False
2141814425,completion,Improvement suggestion,Improvement suggestion,Improvement suggestion,False
2141841078,pilot,Other,Other,Other,False
2142901873,completion,Improvement suggestion,Improvement suggestion,Improvement suggestion,False
2143265247,completion,Workflow/verification report,Workflow/verification report,Workflow/verification report,False
2143506647,pilot,Improvement suggestion,Improvement suggestion,Improvement suggestion,False
2143753523,completion,Improvement suggestion,Improvement suggestion,Improvement suggestion,False
2144728135,completion,Improvement suggestion,Improvement suggestion,Improvement suggestion,False
2144897764,pilot,Improvement suggestion,Improvement suggestion,Improvement suggestion,False
2145519477,completion,Improvement suggestion,Improvement suggestion,Improvement suggestion,False
2145579621,pilot,Code-issue feedback,Code-issue feedback,Code-issue feedback,False
2145708297,completion,Improvement suggestion,Improvement suggestion,Improvement suggestion,False
2145712420,pilot,Workflow/verification report,Workflow/verification report,Workflow/verification report,False
2146968087,completion,Improvement suggestion,Improvement suggestion,Improvement suggestion,False
2147365783,completion,Improvement suggestion,Improvement suggestion,Improvement suggestion,False
2147372868,completion,Improvement suggestion,Improvement suggestion,Improvement suggestion,False
2147373933,completion,Improvement suggestion,Improvement suggestion,Improvement suggestion,False
2147379054,pilot,Improvement suggestion,Improvement suggestion,Improvement suggestion,False
2147486357,pilot,Improvement suggestion,Improvement suggestion,Improvement suggestion,False
2148219751,pilot,Improvement suggestion,Improvement suggestion,Improvement suggestion,False
2148806501,completion,Improvement suggestion,Improvement suggestion,Improvement suggestion,False
2148806512,completion,Improvement suggestion,Improvement suggestion,Improvement suggestion,False
2149167150,completion,Improvement suggestion,Improvement suggestion,Improvement suggestion,False
2150173010,completion,Improvement suggestion,Improvement suggestion,Improvement suggestion,False
2151079661,completion,Improvement suggestion,Improvement suggestion,Improvement suggestion,False
2151195416,completion,Improvement suggestion,Improvement suggestion,Improvement suggestion,False
2152035297,pilot,Improvement suggestion,Improvement suggestion,Improvement suggestion,False
2152066561,completion,Improvement suggestion,Improvement suggestion,Improvement suggestion,False
2152129717,pilot,Improvement suggestion,Improvement suggestion,Improvement suggestion,False
2152762331,completion,Improvement suggestion,Improvement suggestion,Improvement suggestion,False
2152987433,completion,Improvement suggestion,Improvement suggestion,Improvement suggestion,False
2153457193,pilot,Improvement suggestion,Improvement suggestion,Improvement suggestion,False
2153571551,completion,Improvement suggestion,Improvement suggestion,Improvement suggestion,False
2154798067,completion,Improvement suggestion,Improvement suggestion,Improvement suggestion,False
2154883022,completion,Improvement suggestion,Improvement suggestion,Improvement suggestion,False
2156926086,completion,Improvement suggestion,Improvement suggestion,Improvement suggestion,False
2159390549,completion,Improvement suggestion,Improvement suggestion,Improvement suggestion,False
2159568921,pilot,Improvement suggestion,Improvement suggestion,Improvement suggestion,False
2160103379,pilot,Improvement suggestion,Improvement suggestion,Improvement suggestion,False
2160153522,pilot,Improvement suggestion,Improvement suggestion,Improvement suggestion,False
2160222506,completion,Improvement suggestion,Improvement suggestion,Improvement suggestion,False
2162930286,completion,Change acknowledgment,Change acknowledgment,Change acknowledgment,False
2163521485,pilot,Improvement suggestion,Improvement suggestion,Improvement suggestion,False
2164214587,completion,Improvement suggestion,Improvement suggestion,Improvement suggestion,False
2166044511,completion,Improvement suggestion,Improvement suggestion,Improvement suggestion,False
2166678788,completion,Improvement suggestion,Improvement suggestion,Improvement suggestion,False
2168071177,pilot,Code-issue feedback,Code-issue feedback,Code-issue feedback,False
2168071179,completion,Improvement suggestion,Improvement suggestion,Improvement suggestion,False
2171310794,completion,Improvement suggestion,Improvement suggestion,Improvement suggestion,False
2172517089,completion,Improvement suggestion,Improvement suggestion,Improvement suggestion,False
2172517105,completion,Improvement suggestion,Improvement suggestion,Improvement suggestion,False
2172827437,completion,Improvement suggestion,Improvement suggestion,Improvement suggestion,False
2173578963,completion,Improvement suggestion,Improvement suggestion,Improvement suggestion,False
2173635764,completion,Improvement suggestion,Improvement suggestion,Improvement suggestion,False
2173635792,rest,Improvement suggestion,Improvement suggestion,Improvement suggestion,False
2173709919,completion,Improvement suggestion,Improvement suggestion,Improvement suggestion,False
2173709930,completion,Improvement suggestion,Improvement suggestion,Improvement suggestion,False
2173826489,rest,Improvement suggestion,Improvement suggestion,Improvement suggestion,False
2173937402,completion,Improvement suggestion,Improvement suggestion,Improvement suggestion,False
2174245414,rest,Improvement suggestion,Improvement suggestion,Improvement suggestion,False
2174532863,rest,Improvement suggestion,Improvement suggestion,Improvement suggestion,False
2175328975,completion,Improvement suggestion,Improvement suggestion,Improvement suggestion,False
2175328995,rest,Improvement suggestion,Improvement suggestion,Improvement suggestion,False
2175329041,completion,Improvement suggestion,Improvement suggestion,Improvement suggestion,False
2175687663,rest,Improvement suggestion,Improvement suggestion,Improvement suggestion,False
2176060777,rest,Improvement suggestion,Improvement suggestion,Improvement suggestion,False
2176146270,completion,Improvement suggestion,Improvement suggestion,Improvement suggestion,False
2176224199,rest,Improvement suggestion,Improvement suggestion,Improvement suggestion,False
2176628740,rest,Improvement suggestion,Improvement suggestion,Improvement suggestion,False
2176721115,completion,Improvement suggestion,Improvement suggestion,Improvement suggestion,False
2177386234,completion,Improvement suggestion,Improvement suggestion,Improvement suggestion,False
2178123425,completion,Improvement suggestion,Improvement suggestion,Improvement suggestion,False
2178760099,completion,Improvement suggestion,Improvement suggestion,Improvement suggestion,False
2181059035,rest,Improvement suggestion,Improvement suggestion,Improvement suggestion,False
2181117043,rest,Improvement suggestion,Improvement suggestion,Improvement suggestion,False
2182645573,rest,Improvement suggestion,Improvement suggestion,Improvement suggestion,False
2182645577,rest,Improvement suggestion,Improvement suggestion,Improvement suggestion,False
2182729659,completion,Improvement suggestion,Improvement suggestion,Improvement suggestion,False
2184098854,rest,Code-issue feedback,Code-issue feedback,Code-issue feedback,False
2185960918,completion,Improvement suggestion,Improvement suggestion,Improvement suggestion,False
2186105669,rest,Improvement suggestion,Improvement suggestion,Improvement suggestion,False
2186106100,completion,Improvement suggestion,Improvement suggestion,Improvement suggestion,False
2186106217,rest,Improvement suggestion,Improvement suggestion,Improvement suggestion,False
2186145659,rest,Improvement suggestion,Improvement suggestion,Improvement suggestion,False
2186254328,completion,Improvement suggestion,Improvement suggestion,Improvement suggestion,False
2187033240,completion,Improvement suggestion,Improvement suggestion,Improvement suggestion,False
2187221635,completion,Improvement suggestion,Improvement suggestion,Improvement suggestion,False
2187624595,rest,Improvement suggestion,Improvement suggestion,Improvement suggestion,False
2187625007,completion,Improvement suggestion,Improvement suggestion,Improvement suggestion,False
2187897506,rest,Improvement suggestion,Improvement suggestion,Improvement suggestion,False
2187967734,rest,Improvement suggestion,Improvement suggestion,Improvement suggestion,False
2188517394,rest,Improvement suggestion,Improvement suggestion,Improvement suggestion,False
2188518914,completion,Improvement suggestion,Improvement suggestion,Improvement suggestion,False
2188521066,completion,Improvement suggestion,Improvement suggestion,Improvement suggestion,False
2188521073,completion,Improvement suggestion,Improvement suggestion,Improvement suggestion,False
2188840321,rest,Improvement suggestion,Improvement suggestion,Improvement suggestion,False
2189147898,completion,Improvement suggestion,Improvement suggestion,Improvement suggestion,False
2189229817,completion,Improvement suggestion,Improvement suggestion,Improvement suggestion,False
2189229838,completion,Improvement suggestion,Improvement suggestion,Improvement suggestion,False
2189229883,completion,Improvement suggestion,Improvement suggestion,Improvement suggestion,False
2189284350,completion,Improvement suggestion,Improvement suggestion,Improvement suggestion,False
2189598475,completion,Code-issue feedback,Code-issue feedback,Code-issue feedback,False
2189598485,completion,Improvement suggestion,Improvement suggestion,Improvement suggestion,False
2189746758,completion,Improvement suggestion,Improvement suggestion,Improvement suggestion,False
2190410977,rest,Improvement suggestion,Improvement suggestion,Improvement suggestion,False
2190969093,completion,Improvement suggestion,Improvement suggestion,Improvement suggestion,False
2190984534,completion,Improvement suggestion,Improvement suggestion,Improvement suggestion,False
2194422567,rest,Improvement suggestion,Improvement suggestion,Improvement suggestion,False
2194422593,completion,Improvement suggestion,Improvement suggestion,Improvement suggestion,False
2196493138,completion,Improvement suggestion,Improvement suggestion,Improvement suggestion,False
2196965033,completion,Improvement suggestion,Improvement suggestion,Improvement suggestion,False
2198782488,completion,Improvement suggestion,Improvement suggestion,Improvement suggestion,False
2199484319,completion,Improvement suggestion,Improvement suggestion,Improvement suggestion,False
2199484332,rest,Improvement suggestion,Improvement suggestion,Improvement suggestion,False
2199508299,completion,Improvement suggestion,Improvement suggestion,Improvement suggestion,False
2200157322,completion,Improvement suggestion,Improvement suggestion,Improvement suggestion,False
2200939096,completion,Improvement suggestion,Improvement suggestion,Improvement suggestion,False
2201074595,rest,Improvement suggestion,Improvement suggestion,Improvement suggestion,False
2203091160,completion,Improvement suggestion,Improvement suggestion,Improvement suggestion,False
2203389375,completion,Improvement suggestion,Improvement suggestion,Improvement suggestion,False
2203389510,completion,Improvement suggestion,Improvement suggestion,Improvement suggestion,False
2204013349,completion,Improvement suggestion,Improvement suggestion,Improvement suggestion,False
2204939198,completion,Improvement suggestion,Improvement suggestion,Improvement suggestion,False
2204941545,rest,Improvement suggestion,Improvement suggestion,Improvement suggestion,False
2204993578,completion,Improvement suggestion,Improvement suggestion,Improvement suggestion,False
2204998608,rest,Improvement suggestion,Improvement suggestion,Improvement suggestion,False
2205033025,completion,Improvement suggestion,Improvement suggestion,Improvement suggestion,False
2207156422,completion,Improvement suggestion,Improvement suggestion,Improvement suggestion,False
2212443212,completion,Improvement suggestion,Improvement suggestion,Improvement suggestion,False
2212871139,completion,Improvement suggestion,Improvement suggestion,Improvement suggestion,False
2215895276,completion,Improvement suggestion,Improvement suggestion,Improvement suggestion,False
2215931197,completion,Improvement suggestion,Improvement suggestion,Improvement suggestion,False
2216335753,completion,Improvement suggestion,Improvement suggestion,Improvement suggestion,False
2217187543,completion,Improvement suggestion,Improvement suggestion,Improvement suggestion,False
2217281726,completion,Improvement suggestion,Improvement suggestion,Improvement suggestion,False
2217345654,completion,Improvement suggestion,Improvement suggestion,Improvement suggestion,False
2217475888,completion,Improvement suggestion,Improvement suggestion,Improvement suggestion,False
2217502780,completion,Code-issue feedback,Code-issue feedback,Code-issue feedback,False
2217502792,completion,Improvement suggestion,Improvement suggestion,Improvement suggestion,False
2217502793,completion,Improvement suggestion,Improvement suggestion,Improvement suggestion,False
2217614109,completion,Improvement suggestion,Improvement suggestion,Improvement suggestion,False
2217760705,completion,Improvement suggestion,Improvement suggestion,Improvement suggestion,False
2217936216,completion,Improvement suggestion,Improvement suggestion,Improvement suggestion,False
2219382174,rest,Improvement suggestion,Improvement suggestion,Improvement suggestion,False
2219497267,completion,Improvement suggestion,Improvement suggestion,Improvement suggestion,False
2220345068,completion,Improvement suggestion,Improvement suggestion,Improvement suggestion,False
2220345102,completion,Improvement suggestion,Improvement suggestion,Improvement suggestion,False
2220345115,completion,Improvement suggestion,Improvement suggestion,Improvement suggestion,False
2220350603,completion,Improvement suggestion,Improvement suggestion,Improvement suggestion,False
2220350687,completion,Improvement suggestion,Improvement suggestion,Improvement suggestion,False
2220350722,completion,Improvement suggestion,Improvement suggestion,Improvement suggestion,False
2221912020,completion,Improvement suggestion,Improvement suggestion,Improvement suggestion,False
2221999624,completion,Code-issue feedback,Code-issue feedback,Code-issue feedback,False
2222038511,completion,Improvement suggestion,Improvement suggestion,Improvement suggestion,False
2222116500,completion,Improvement suggestion,Improvement suggestion,Improvement suggestion,False
2222116508,rest,Improvement suggestion,Improvement suggestion,Improvement suggestion,False
2222135433,rest,Improvement suggestion,Improvement suggestion,Improvement suggestion,False
2222266085,completion,Improvement suggestion,Improvement suggestion,Improvement suggestion,False
2222448189,rest,Improvement suggestion,Improvement suggestion,Improvement suggestion,False
2222509102,completion,Improvement suggestion,Improvement suggestion,Improvement suggestion,False
2222569431,completion,Improvement suggestion,Improvement suggestion,Improvement suggestion,False
2225424412,rest,Improvement suggestion,Improvement suggestion,Improvement suggestion,False
2225487899,completion,Improvement suggestion,Improvement suggestion,Improvement suggestion,False
2226714859,completion,Improvement suggestion,Improvement suggestion,Improvement suggestion,False
2226714887,rest,Improvement suggestion,Improvement suggestion,Improvement suggestion,False
2226973690,rest,Code-issue feedback,Code-issue feedback,Code-issue feedback,False
2227082809,rest,Improvement suggestion,Improvement suggestion,Improvement suggestion,False
2228587768,completion,Improvement suggestion,Code-issue feedback,Improvement suggestion,True
2228592948,completion,Code-issue feedback,Code-issue feedback,Code-issue feedback,False
2230142076,completion,Improvement suggestion,Improvement suggestion,Improvement suggestion,False
2230309896,completion,Improvement suggestion,Improvement suggestion,Improvement suggestion,False
2230487555,rest,Code-issue feedback,Code-issue feedback,Code-issue feedback,False
2230869683,completion,Improvement suggestion,Improvement suggestion,Improvement suggestion,False
2230869693,rest,Improvement suggestion,Improvement suggestion,Improvement suggestion,False
2232957712,rest,Improvement suggestion,Other,Improvement suggestion,True
2232973930,rest,Other,Other,Other,False
2233047744,completion,Improvement suggestion,Improvement suggestion,Improvement suggestion,False
2234134001,rest,Code-issue feedback,Code-issue feedback,Code-issue feedback,False
2234754684,rest,Improvement suggestion,Improvement suggestion,Improvement suggestion,False
2235103134,rest,Improvement suggestion,Improvement suggestion,Improvement suggestion,False
2235460883,completion,Improvement suggestion,Improvement suggestion,Improvement suggestion,False
2236464832,completion,Improvement suggestion,Improvement suggestion,Improvement suggestion,False
2237205532,completion,Improvement suggestion,Improvement suggestion,Improvement suggestion,False
2237679605,completion,Improvement suggestion,Improvement suggestion,Improvement suggestion,False
2237812426,rest,Improvement suggestion,Improvement suggestion,Improvement suggestion,False
2238103560,completion,Other,Other,Other,False
2238458730,completion,Improvement suggestion,Improvement suggestion,Improvement suggestion,False
2239086199,completion,Improvement suggestion,Improvement suggestion,Improvement suggestion,False
2239488979,completion,Improvement suggestion,Improvement suggestion,Improvement suggestion,False
2239627960,completion,Improvement suggestion,Improvement suggestion,Improvement suggestion,False
2239864907,completion,Improvement suggestion,Improvement suggestion,Improvement suggestion,False
2239864920,completion,Improvement suggestion,Improvement suggestion,Improvement suggestion,False
2240178880,completion,Improvement suggestion,Improvement suggestion,Improvement suggestion,False
2240549951,completion,Improvement suggestion,Improvement suggestion,Improvement suggestion,False
2241454050,completion,Code-issue feedback,Code-issue feedback,Code-issue feedback,False
2241478646,rest,Improvement suggestion,Improvement suggestion,Improvement suggestion,False
2241577411,completion,Improvement suggestion,Improvement suggestion,Improvement suggestion,False
2241867842,rest,Improvement suggestion,Improvement suggestion,Improvement suggestion,False
2242241327,completion,Improvement suggestion,Improvement suggestion,Improvement suggestion,False
2242677059,rest,Improvement suggestion,Improvement suggestion,Improvement suggestion,False
2243693717,completion,Improvement suggestion,Improvement suggestion,Improvement suggestion,False
2244343612,rest,Improvement suggestion,Improvement suggestion,Improvement suggestion,False
2246399900,completion,Improvement suggestion,Improvement suggestion,Improvement suggestion,False
2264686259,completion,Code-issue feedback,Code-issue feedback,Code-issue feedback,False
2269097270,completion,Improvement suggestion,Improvement suggestion,Improvement suggestion,False
2269097275,rest,Improvement suggestion,Improvement suggestion,Improvement suggestion,False
2269097341,completion,Improvement suggestion,Improvement suggestion,Improvement suggestion,False
2269097358,completion,Improvement suggestion,Improvement suggestion,Improvement suggestion,False
2273492639,completion,Improvement suggestion,Improvement suggestion,Improvement suggestion,False
2273492667,rest,Improvement suggestion,Improvement suggestion,Improvement suggestion,False
2291457512,completion,Code-issue feedback,Code-issue feedback,Code-issue feedback,False
2344968952,completion,Improvement suggestion,Improvement suggestion,Improvement suggestion,False
2378670024,completion,Code-issue feedback,Code-issue feedback,Code-issue feedback,False
