# RQ2 | same-system inline sample (364 units): both annotations and the adjudicated final
id,pass1,pass2,final
2203902142,Change acknowledgment,Change acknowledgment,Change acknowledgment
2193424888,Change acknowledgment,Change acknowledgment,Change acknowledgment
2192184818,Change acknowledgment,Change acknowledgment,Change acknowledgment
2239575536,Change acknowledgment,Change acknowledgment,Change acknowledgment
2207865357,Change acknowledgment,Change acknowledgment,Change acknowledgment
2097895212,Change acknowledgment,Change acknowledgment,Change acknowledgment
2145306004,Change acknowledgment,Change acknowledgment,Change acknowledgment
2108897602,Improvement suggestion,Improvement suggestion,Improvement suggestion
2180948519,Change acknowledgment,Change acknowledgment,Change acknowledgment
2106077813,Improvement suggestion,Improvement suggestion,Improvement suggestion
2233010506,Code-issue feedback,Code-issue feedback,Code-issue feedback
2210760658,Improvement suggestion,Improvement suggestion,Improvement suggestion
2203902186,Change acknowledgment,Change acknowledgment,Change acknowledgment
2141533054,Change acknowledgment,Change acknowledgment,Change acknowledgment
2132221951,Change acknowledgment,Change acknowledgment,Change acknowledgment
2116594595,Workflow/verification report,Workflow/verification report,Workflow/verification report
2190595430,Response to feedback,Change acknowledgment,Response to feedback
2217138559,Improvement suggestion,Improvement suggestion,Improvement suggestion
2134432826,Response to feedback,Response to feedback,Response to feedback
2190994384,Change acknowledgment,Change acknowledgment,Change acknowledgment
2136551520,Response to feedback,Response to feedback,Response to feedback
2134454967,Change acknowledgment,Change acknowledgment,Change acknowledgment
2103490941,Change acknowledgment,Change acknowledgment,Change acknowledgment
2151046112,Response to feedback,Response to feedback,Response to feedback
2210620828,Change acknowledgment,Change acknowledgment,Change acknowledgment
2183135144,Change acknowledgment,Change acknowledgment,Change acknowledgment
2104200966,Explanation,Explanation,Explanation
2203221645,Change acknowledgment,Change acknowledgment,Change acknowledgment
2103665938,Change acknowledgment,Change acknowledgment,Change acknowledgment
2140739066,Change acknowledgment,Change acknowledgment,Change acknowledgment
2103634050,Change acknowledgment,Change acknowledgment,Change acknowledgment
2203947359,Change acknowledgment,Change acknowledgment,Change acknowledgment
2144368221,Improvement suggestion,Improvement suggestion,Improvement suggestion
2159746241,Change acknowledgment,Change acknowledgment,Change acknowledgment
2156167374,Change acknowledgment,Response to feedback,Response to feedback
2125193667,Change acknowledgment,Change acknowledgment,Change acknowledgment
2167527181,Change acknowledgment,Change acknowledgment,Change acknowledgment
2206424983,Change acknowledgment,Change acknowledgment,Change acknowledgment
2174790160,Improvement suggestion,Improvement suggestion,Improvement suggestion
2138304107,Workflow/verification report,Change acknowledgment,Change acknowledgment
2181463594,Response to feedback,Response to feedback,Response to feedback
2105900508,Change acknowledgment,Change acknowledgment,Change acknowledgment
2216929528,Change acknowledgment,Change acknowledgment,Change acknowledgment
2216507434,Change acknowledgment,Change acknowledgment,Change acknowledgment
2141258355,Change acknowledgment,Change acknowledgment,Change acknowledgment
2174609546,Change acknowledgment,Change acknowledgment,Change acknowledgment
2195594186,Response to feedback,Response to feedback,Response to feedback
2198923971,Change acknowledgment,Change acknowledgment,Change acknowledgment
2096533496,Change acknowledgment,Response to feedback,Response to feedback
2203408506,Change acknowledgment,Change acknowledgment,Change acknowledgment
2247655655,Change acknowledgment,Change acknowledgment,Change acknowledgment
2130425511,Change acknowledgment,Change acknowledgment,Change acknowledgment
2133639928,Response to feedback,Response to feedback,Response to feedback
2096533766,Change acknowledgment,Change acknowledgment,Change acknowledgment
2145592977,Change acknowledgment,Change acknowledgment,Change acknowledgment
2138536151,Change acknowledgment,Change acknowledgment,Change acknowledgment
2097900982,Response to feedback,Response to feedback,Response to feedback
2247654660,Change acknowledgment,Change acknowledgment,Change acknowledgment
2198376630,Change acknowledgment,Change acknowledgment,Change acknowledgment
2216154829,Response to feedback,Response to feedback,Response to feedback
2113030468,Response to feedback,Response to feedback,Response to feedback
2116126683,Change acknowledgment,Change acknowledgment,Change acknowledgment
2101020161,Response to feedback,Response to feedback,Response to feedback
2216378493,Response to feedback,Response to feedback,Response to feedback
2247412130,Response to feedback,Response to feedback,Response to feedback
2172265802,Change acknowledgment,Change acknowledgment,Change acknowledgment
2096621608,Change acknowledgment,Change acknowledgment,Change acknowledgment
2103309624,Change acknowledgment,Change acknowledgment,Change acknowledgment
2241838188,Change acknowledgment,Change acknowledgment,Change acknowledgment
2106281768,Response to feedback,Response to feedback,Response to feedback
2169907632,Response to feedback,Response to feedback,Response to feedback
2178022223,Response to feedback,Change acknowledgment,Response to feedback
2213821016,Improvement suggestion,Improvement suggestion,Improvement suggestion
2146430687,Response to feedback,Response to feedback,Response to feedback
2147400737,Change acknowledgment,Change acknowledgment,Change acknowledgment
2169838027,Improvement suggestion,Clarification/question,Clarification/question
2184736682,Change acknowledgment,Change acknowledgment,Change acknowledgment
2103584791,Response to feedback,Response to feedback,Response to feedback
2201515123,Change acknowledgment,Change acknowledgment,Change acknowledgment
2141308032,Change acknowledgment,Change acknowledgment,Change acknowledgment
2209079662,Change acknowledgment,Change acknowledgment,Change acknowledgment
2167418294,Change acknowledgment,Change acknowledgment,Change acknowledgment
2132676184,Change acknowledgment,Change acknowledgment,Change acknowledgment
2141325427,Change acknowledgment,Change acknowledgment,Change acknowledgment
2124845515,Change acknowledgment,Response to feedback,Response to feedback
2151886009,Change acknowledgment,Change acknowledgment,Change acknowledgment
2203945766,Change acknowledgment,Change acknowledgment,Change acknowledgment
2196854634,Change acknowledgment,Change acknowledgment,Change acknowledgment
2180673769,Improvement suggestion,Clarification/question,Explanation
2238540470,Response to feedback,Response to feedback,Response to feedback
2114771541,Change acknowledgment,Change acknowledgment,Change acknowledgment
2176167268,Change acknowledgment,Change acknowledgment,Change acknowledgment
2197370719,Change acknowledgment,Change acknowledgment,Change acknowledgment
2130431288,Change acknowledgment,Change acknowledgment,Change acknowledgment
2193248128,Change acknowledgment,Change acknowledgment,Change acknowledgment
2203165334,Change acknowledgment,Change acknowledgment,Change acknowledgment
2101785568,Change acknowledgment,Change acknowledgment,Change acknowledgment
2185581305,Response to feedback,Response to feedback,Response to feedback
2141258544,Change acknowledgment,Change acknowledgment,Change acknowledgment
2096287787,Change acknowledgment,Change acknowledgment,Change acknowledgment
2098714852,Other,Response to feedback,Explanation
2206425126,Response to feedback,Response to feedback,Response to feedback
2136127012,Response to feedback,Response to feedback,Response to feedback
2181896430,Explanation,Explanation,Explanation
2127468310,Change acknowledgment,Change acknowledgment,Change acknowledgment
2140035203,Response to feedback,Response to feedback,Response to feedback
2106281660,Change acknowledgment,Change acknowledgment,Change acknowledgment
2175114652,Change acknowledgment,Change acknowledgment,Change acknowledgment
2116871958,Change acknowledgment,Change acknowledgment,Change acknowledgment
2182889926,Change acknowledgment,Change acknowledgment,Change acknowledgment
2177482279,Change acknowledgment,Change acknowledgment,Change acknowledgment
2121805824,Response to feedback,Response to feedback,Response to feedback
2141302180,Change acknowledgment,Change acknowledgment,Change acknowledgment
2176123703,Change acknowledgment,Change acknowledgment,Change acknowledgment
2169117394,Change acknowledgment,Change acknowledgment,Change acknowledgment
2171332636,Change acknowledgment,Change acknowledgment,Change acknowledgment
2102358900,Response to feedback,Response to feedback,Response to feedback
2144273274,Code-issue feedback,Explanation,Explanation
2097961769,Change acknowledgment,Change acknowledgment,Change acknowledgment
2198725305,Change acknowledgment,Change acknowledgment,Change acknowledgment
2225093424,Response to feedback,Response to feedback,Response to feedback
2136796277,Response to feedback,Response to feedback,Response to feedback
2232886954,Change acknowledgment,Change acknowledgment,Change acknowledgment
2242660415,Change acknowledgment,Change acknowledgment,Change acknowledgment
2237353256,Change acknowledgment,Change acknowledgment,Change acknowledgment
2188120244,Change acknowledgment,Change acknowledgment,Change acknowledgment
2184558750,Improvement suggestion,Improvement suggestion,Improvement suggestion
2150938753,Other,Response to feedback,Response to feedback
2202219461,Change acknowledgment,Change acknowledgment,Change acknowledgment
2143138675,Change acknowledgment,Change acknowledgment,Change acknowledgment
2242566822,Improvement suggestion,Improvement suggestion,Improvement suggestion
2101032236,Change acknowledgment,Change acknowledgment,Change acknowledgment
2210760612,Improvement suggestion,Improvement suggestion,Improvement suggestion
2136264908,Improvement suggestion,Improvement suggestion,Improvement suggestion
2145525829,Change acknowledgment,Change acknowledgment,Change acknowledgment
2115135319,Change acknowledgment,Change acknowledgment,Change acknowledgment
2099218458,Response to feedback,Response to feedback,Response to feedback
2121216264,Change acknowledgment,Change acknowledgment,Change acknowledgment
2199495480,Response to feedback,Response to feedback,Response to feedback
2131349722,Change acknowledgment,Change acknowledgment,Change acknowledgment
2132991314,Response to feedback,Response to feedback,Response to feedback
2169846551,Change acknowledgment,Change acknowledgment,Change acknowledgment
2213716300,Change acknowledgment,Change acknowledgment,Change acknowledgment
2116491570,Change acknowledgment,Change acknowledgment,Change acknowledgment
2223474464,Response to feedback,Response to feedback,Response to feedback
2106339834,Change acknowledgment,Change acknowledgment,Change acknowledgment
2200879573,Change acknowledgment,Change acknowledgment,Change acknowledgment
2138568653,Response to feedback,Response to feedback,Response to feedback
2209781262,Change acknowledgment,Change acknowledgment,Change acknowledgment
2103269564,Code-issue feedback,Workflow/verification report,Workflow/verification report
2183414190,Change acknowledgment,Change acknowledgment,Change acknowledgment
2115687928,Improvement suggestion,Improvement suggestion,Improvement suggestion
2101076786,Change acknowledgment,Change acknowledgment,Change acknowledgment
2239315738,Change acknowledgment,Change acknowledgment,Change acknowledgment
2140448104,Change acknowledgment,Change acknowledgment,Change acknowledgment
2201497447,Change acknowledgment,Response to feedback,Response to feedback
2211345436,Change acknowledgment,Change acknowledgment,Change acknowledgment
2190949521,Change acknowledgment,Change acknowledgment,Change acknowledgment
2173798789,Change acknowledgment,Change acknowledgment,Change acknowledgment
2148222066,Change acknowledgment,Change acknowledgment,Change acknowledgment
2104039927,Change acknowledgment,Change acknowledgment,Change acknowledgment
2242605118,Change acknowledgment,Change acknowledgment,Change acknowledgment
2103054196,Change acknowledgment,Change acknowledgment,Change acknowledgment
2199379932,Change acknowledgment,Change acknowledgment,Change acknowledgment
2241679417,Response to feedback,Response to feedback,Response to feedback
2217302006,Change acknowledgment,Change acknowledgment,Change acknowledgment
2201215853,Change acknowledgment,Change acknowledgment,Change acknowledgment
2132898638,Change acknowledgment,Change acknowledgment,Change acknowledgment
2102914468,Change acknowledgment,Change acknowledgment,Change acknowledgment
2129194671,Response to feedback,Change acknowledgment,Response to feedback
2138265835,Other,Explanation,Explanation
2139561741,Clarification/question,Explanation,Explanation
2150419301,Change acknowledgment,Change acknowledgment,Change acknowledgment
2217138564,Improvement suggestion,Improvement suggestion,Improvement suggestion
2176337139,Change acknowledgment,Change acknowledgment,Change acknowledgment
2143658391,Change acknowledgment,Change acknowledgment,Change acknowledgment
2167527290,Change acknowledgment,Change acknowledgment,Change acknowledgment
2225188077,Response to feedback,Response to feedback,Response to feedback
2116887853,Change acknowledgment,Change acknowledgment,Change acknowledgment
2183785785,Response to feedback,Response to feedback,Response to feedback
2213002713,Change acknowledgment,Change acknowledgment,Change acknowledgment
2204892447,Change acknowledgment,Change acknowledgment,Change acknowledgment
2237645443,Change acknowledgment,Change acknowledgment,Change acknowledgment
2178148853,Change acknowledgment,Change acknowledgment,Change acknowledgment
2101082962,Change acknowledgment,Change acknowledgment,Change acknowledgment
2183654908,Change acknowledgment,Change acknowledgment,Change acknowledgment
2097276063,Improvement suggestion,Improvement suggestion,Improvement suggestion
2157372823,Response to feedback,Response to feedback,Response to feedback
2173529715,Change acknowledgment,Change acknowledgment,Change acknowledgment
2192118659,Change acknowledgment,Change acknowledgment,Change acknowledgment
2154770819,Response to feedback,Response to feedback,Response to feedback
2173096748,Change acknowledgment,Change acknowledgment,Change acknowledgment
2232554225,Response to feedback,Response to feedback,Response to feedback
2151802006,Change acknowledgment,Change acknowledgment,Change acknowledgment
2137955774,Change acknowledgment,Change acknowledgment,Change acknowledgment
2180104137,Change acknowledgment,Change acknowledgment,Change acknowledgment
2116887445,Change acknowledgment,Change acknowledgment,Change acknowledgment
2225664591,Response to feedback,Response to feedback,Response to feedback
2157433414,Change acknowledgment,Response to feedback,Response to feedback
2217283115,Response to feedback,Response to feedback,Response to feedback
2124399975,Response to feedback,Response to feedback,Response to feedback
2102055257,Change acknowledgment,Change acknowledgment,Change acknowledgment
2238547000,Change acknowledgment,Change acknowledgment,Change acknowledgment
2196341092,Response to feedback,Response to feedback,Response to feedback
2150704560,Change acknowledgment,Change acknowledgment,Change acknowledgment
2205830813,Change acknowledgment,Change acknowledgment,Change acknowledgment
2106077811,Improvement suggestion,Improvement suggestion,Improvement suggestion
2143809717,Change acknowledgment,Change acknowledgment,Change acknowledgment
2145547867,Change acknowledgment,Change acknowledgment,Change acknowledgment
2210062397,Change acknowledgment,Change acknowledgment,Change acknowledgment
2166316206,Response to feedback,Response to feedback,Response to feedback
2112073126,Change acknowledgment,Change acknowledgment,Change acknowledgment
2201556241,Change acknowledgment,Change acknowledgment,Change acknowledgment
2191282819,Change acknowledgment,Change acknowledgment,Change acknowledgment
2202282846,Change acknowledgment,Change acknowledgment,Change acknowledgment
2210180136,Change acknowledgment,Change acknowledgment,Change acknowledgment
2181169969,Change acknowledgment,Change acknowledgment,Change acknowledgment
2173826865,Change acknowledgment,Change acknowledgment,Change acknowledgment
2238860589,Response to feedback,Response to feedback,Response to feedback
2237788198,Change acknowledgment,Change acknowledgment,Change acknowledgment
2241783068,Change acknowledgment,Change acknowledgment,Change acknowledgment
2127417067,Response to feedback,Response to feedback,Response to feedback
2167603678,Change acknowledgment,Change acknowledgment,Change acknowledgment
2158299797,Change acknowledgment,Change acknowledgment,Change acknowledgment
2203112950,Change acknowledgment,Change acknowledgment,Change acknowledgment
2136882747,Change acknowledgment,Change acknowledgment,Change acknowledgment
2180548274,Response to feedback,Response to feedback,Response to feedback
2103198575,Change acknowledgment,Change acknowledgment,Change acknowledgment
2230020723,Other,Response to feedback,Explanation
2176157979,Change acknowledgment,Change acknowledgment,Change acknowledgment
2204361786,Code-issue feedback,Other,Workflow/verification report
2225536382,Change acknowledgment,Change acknowledgment,Change acknowledgment
2102948097,Change acknowledgment,Change acknowledgment,Change acknowledgment
2193874677,Change acknowledgment,Change acknowledgment,Change acknowledgment
2181813506,Improvement suggestion,Improvement suggestion,Improvement suggestion
2097869492,Other,Change acknowledgment,Change acknowledgment
2191865989,Change acknowledgment,Change acknowledgment,Change acknowledgment
2101157334,Response to feedback,Response to feedback,Response to feedback
2158299735,Change acknowledgment,Change acknowledgment,Change acknowledgment
2235788983,Change acknowledgment,Change acknowledgment,Change acknowledgment
2188515191,Response to feedback,Response to feedback,Response to feedback
2174071468,Response to feedback,Response to feedback,Response to feedback
2135740008,Response to feedback,Response to feedback,Response to feedback
2212382668,Change acknowledgment,Change acknowledgment,Change acknowledgment
2148582095,Improvement suggestion,Improvement suggestion,Improvement suggestion
2103473740,Change acknowledgment,Change acknowledgment,Change acknowledgment
2116901608,Change acknowledgment,Change acknowledgment,Change acknowledgment
2109559333,Change acknowledgment,Change acknowledgment,Change acknowledgment
2146978522,Change acknowledgment,Change acknowledgment,Change acknowledgment
2143131090,Change acknowledgment,Change acknowledgment,Change acknowledgment
2100010779,Response to feedback,Response to feedback,Response to feedback
2125735111,Change acknowledgment,Change acknowledgment,Change acknowledgment
2210085193,Change acknowledgment,Change acknowledgment,Change acknowledgment
2169216502,Change acknowledgment,Change acknowledgment,Change acknowledgment
2138552633,Change acknowledgment,Change acknowledgment,Change acknowledgment
2154762085,Response to feedback,Response to feedback,Response to feedback
2180650377,Change acknowledgment,Change acknowledgment,Change acknowledgment
2157734439,Response to feedback,Response to feedback,Response to feedback
2182964364,Change acknowledgment,Change acknowledgment,Change acknowledgment
2136870277,Other,Response to feedback,Explanation
2138702666,Other,Response to feedback,Response to feedback
2178318638,Response to feedback,Response to feedback,Response to feedback
2146099577,Change acknowledgment,Change acknowledgment,Change acknowledgment
2100826514,Other,Change acknowledgment,Change acknowledgment
2195364485,Response to feedback,Change acknowledgment,Response to feedback
2203473782,Change acknowledgment,Change acknowledgment,Change acknowledgment
2145561502,Response to feedback,Response to feedback,Response to feedback
2173620225,Change acknowledgment,Change acknowledgment,Change acknowledgment
2102056569,Change acknowledgment,Change acknowledgment,Change acknowledgment
2118881181,Change acknowledgment,Change acknowledgment,Change acknowledgment
2126470547,Response to feedback,Response to feedback,Response to feedback
2145592661,Response to feedback,Response to feedback,Response to feedback
2164232457,Response to feedback,Response to feedback,Response to feedback
2196932790,Change acknowledgment,Change acknowledgment,Change acknowledgment
2213064292,Change acknowledgment,Change acknowledgment,Change acknowledgment
2174913455,Change acknowledgment,Change acknowledgment,Change acknowledgment
2180471157,Response to feedback,Response to feedback,Response to feedback
2116797916,Change acknowledgment,Change acknowledgment,Change acknowledgment
2160581274,Change acknowledgment,Change acknowledgment,Change acknowledgment
2113723264,Change acknowledgment,Change acknowledgment,Change acknowledgment
2154524131,Change acknowledgment,Change acknowledgment,Change acknowledgment
2181007276,Change acknowledgment,Change acknowledgment,Change acknowledgment
2141268103,Change acknowledgment,Change acknowledgment,Change acknowledgment
2146242437,Response to feedback,Response to feedback,Response to feedback
2096551928,Change acknowledgment,Change acknowledgment,Change acknowledgment
2164857991,Change acknowledgment,Change acknowledgment,Change acknowledgment
2238930628,Change acknowledgment,Change acknowledgment,Change acknowledgment
2107146389,Change acknowledgment,Change acknowledgment,Change acknowledgment
2203944660,Change acknowledgment,Response to feedback,Response to feedback
2175730124,Change acknowledgment,Change acknowledgment,Change acknowledgment
2102029075,Improvement suggestion,Improvement suggestion,Improvement suggestion
2201364109,Response to feedback,Improvement suggestion,Improvement suggestion
2180832960,Improvement suggestion,Improvement suggestion,Improvement suggestion
2183028140,Change acknowledgment,Change acknowledgment,Change acknowledgment
2199960414,Change acknowledgment,Change acknowledgment,Change acknowledgment
2138310757,Change acknowledgment,Change acknowledgment,Change acknowledgment
2216480847,Improvement suggestion,Improvement suggestion,Improvement suggestion
2195843650,Change acknowledgment,Change acknowledgment,Change acknowledgment
2209266394,Response to feedback,Response to feedback,Response to feedback
2230636622,Change acknowledgment,Change acknowledgment,Change acknowledgment
2130426337,Change acknowledgment,Change acknowledgment,Change acknowledgment
2247991114,Response to feedback,Response to feedback,Response to feedback
2139153268,Response to feedback,Response to feedback,Response to feedback
2144843896,Response to feedback,Response to feedback,Response to feedback
2114184021,Change acknowledgment,Change acknowledgment,Change acknowledgment
2120865552,Change acknowledgment,Change acknowledgment,Change acknowledgment
2174071489,Response to feedback,Response to feedback,Response to feedback
2242176697,Change acknowledgment,Response to feedback,Response to feedback
2173531832,Change acknowledgment,Change acknowledgment,Change acknowledgment
2183795323,Response to feedback,Response to feedback,Response to feedback
2139128179,Change acknowledgment,Change acknowledgment,Change acknowledgment
2239577267,Change acknowledgment,Change acknowledgment,Change acknowledgment
2106781172,Improvement suggestion,Improvement suggestion,Improvement suggestion
2117094825,Change acknowledgment,Change acknowledgment,Change acknowledgment
2097276075,Other,Improvement suggestion,Improvement suggestion
2153398662,Change acknowledgment,Change acknowledgment,Change acknowledgment
2216579314,Change acknowledgment,Change acknowledgment,Change acknowledgment
2117073623,Change acknowledgment,Change acknowledgment,Change acknowledgment
2157390046,Change acknowledgment,Response to feedback,Response to feedback
2145345087,Response to feedback,Response to feedback,Response to feedback
2132580336,Change acknowledgment,Change acknowledgment,Change acknowledgment
2202359744,Change acknowledgment,Change acknowledgment,Change acknowledgment
2159635783,Change acknowledgment,Change acknowledgment,Change acknowledgment
2227471721,Change acknowledgment,Change acknowledgment,Change acknowledgment
2136562831,Response to feedback,Response to feedback,Response to feedback
2102204284,Change acknowledgment,Change acknowledgment,Change acknowledgment
2202861499,Change acknowledgment,Change acknowledgment,Change acknowledgment
2173968021,Change acknowledgment,Change acknowledgment,Change acknowledgment
2151335418,Other,Response to feedback,Explanation
2241592857,Change acknowledgment,Change acknowledgment,Change acknowledgment
2139010874,Change acknowledgment,Change acknowledgment,Change acknowledgment
2179385152,Change acknowledgment,Change acknowledgment,Change acknowledgment
2127980732,Response to feedback,Response to feedback,Response to feedback
2105884004,Response to feedback,Response to feedback,Response to feedback
2100918489,Change acknowledgment,Change acknowledgment,Change acknowledgment
2179233498,Change acknowledgment,Change acknowledgment,Change acknowledgment
2141364532,Other,Change acknowledgment,Change acknowledgment
2149985599,Change acknowledgment,Change acknowledgment,Change acknowledgment
2128591196,Change acknowledgment,Change acknowledgment,Change acknowledgment
2179154398,Change acknowledgment,Change acknowledgment,Change acknowledgment
2097962020,Change acknowledgment,Change acknowledgment,Change acknowledgment
2139142133,Change acknowledgment,Change acknowledgment,Change acknowledgment
2102172820,Change acknowledgment,Change acknowledgment,Change acknowledgment
2232841170,Change acknowledgment,Change acknowledgment,Change acknowledgment
2209155307,Change acknowledgment,Change acknowledgment,Change acknowledgment
2138775312,Change acknowledgment,Response to feedback,Explanation
2106091938,Change acknowledgment,Change acknowledgment,Change acknowledgment
2181136647,Change acknowledgment,Change acknowledgment,Change acknowledgment
2234582825,Response to feedback,Response to feedback,Response to feedback
2116110004,Change acknowledgment,Change acknowledgment,Change acknowledgment
2113699461,Change acknowledgment,Change acknowledgment,Change acknowledgment
2174723760,Change acknowledgment,Change acknowledgment,Change acknowledgment
2182770946,Change acknowledgment,Change acknowledgment,Change acknowledgment
2199225190,Code-issue feedback,Workflow/verification report,Workflow/verification report
2180113756,Response to feedback,Response to feedback,Response to feedback
2169491090,Change acknowledgment,Change acknowledgment,Change acknowledgment
2104750395,Change acknowledgment,Change acknowledgment,Change acknowledgment
2131907095,Change acknowledgment,Change acknowledgment,Change acknowledgment
2227229905,Change acknowledgment,Change acknowledgment,Change acknowledgment
2180944349,Improvement suggestion,Improvement suggestion,Improvement suggestion
2193469113,Change acknowledgment,Change acknowledgment,Change acknowledgment
2169865807,Response to feedback,Response to feedback,Response to feedback
2114888926,Response to feedback,Response to feedback,Response to feedback
2157346879,Response to feedback,Response to feedback,Response to feedback
