# RQ2 | double-coding of the same-system inline sample (364 units): pass1, pass2, wave, adjudicated final
id,round,pass1,pass2,final,adjudicated
2203902142,completion,Change acknowledgment,Change acknowledgment,Change acknowledgment,False
2193424888,completion,Change acknowledgment,Change acknowledgment,Change acknowledgment,False
2192184818,pilot,Change acknowledgment,Change acknowledgment,Change acknowledgment,False
2239575536,pilot,Change acknowledgment,Change acknowledgment,Change acknowledgment,False
2207865357,completion,Change acknowledgment,Change acknowledgment,Change acknowledgment,False
2097895212,completion,Change acknowledgment,Change acknowledgment,Change acknowledgment,False
2145306004,completion,Change acknowledgment,Change acknowledgment,Change acknowledgment,False
2108897602,completion,Improvement suggestion,Improvement suggestion,Improvement suggestion,False
2180948519,completion,Change acknowledgment,Change acknowledgment,Change acknowledgment,False
2106077813,completion,Improvement suggestion,Improvement suggestion,Improvement suggestion,False
2233010506,completion,Code-issue feedback,Code-issue feedback,Code-issue feedback,False
2210760658,completion,Improvement suggestion,Improvement suggestion,Improvement suggestion,False
2203902186,completion,Change acknowledgment,Change acknowledgment,Change acknowledgment,False
2141533054,completion,Change acknowledgment,Change acknowledgment,Change acknowledgment,False
2132221951,rest,Change acknowledgment,Change acknowledgment,Change acknowledgment,False
2116594595,pilot,Workflow/verification report,Workflow/verification report,Workflow/verification report,False
2190595430,completion,Response to feedback,Change acknowledgment,Response to feedback,True
2217138559,completion,Improvement suggestion,Improvement suggestion,Improvement suggestion,False
2134432826,completion,Response to feedback,Response to feedback,Response to feedback,False
2190994384,completion,Change acknowledgment,Change acknowledgment,Change acknowledgment,False
2136551520,completion,Response to feedback,Response to feedback,Response to feedback,False
2134454967,completion,Change acknowledgment,Change acknowledgment,Change acknowledgment,False
2103490941,completion,Change acknowledgment,Change acknowledgment,Change acknowledgment,False
2151046112,completion,Response to feedback,Response to feedback,Response to feedback,False
2210620828,completion,Change acknowledgment,Change acknowledgment,Change acknowledgment,False
2183135144,completion,Change acknowledgment,Change acknowledgment,Change acknowledgment,False
2104200966,completion,Explanation,Explanation,Explanation,False
2203221645,completion,Change acknowledgment,Change acknowledgment,Change acknowledgment,False
2103665938,rest,Change acknowledgment,Change acknowledgment,Change acknowledgment,False
2140739066,completion,Change acknowledgment,Change acknowledgment,Change acknowledgment,False
2103634050,rest,Change acknowledgment,Change acknowledgment,Change acknowledgment,False
2203947359,completion,Change acknowledgment,Change acknowledgment,Change acknowledgment,False
2144368221,completion,Improvement suggestion,Improvement suggestion,Improvement suggestion,False
2159746241,completion,Change acknowledgment,Change acknowledgment,Change acknowledgment,False
2156167374,completion,Change acknowledgment,Response to feedback,Response to feedback,True
2125193667,completion,Change acknowledgment,Change acknowledgment,Change acknowledgment,False
2167527181,completion,Change acknowledgment,Change acknowledgment,Change acknowledgment,False
2206424983,pilot,Change acknowledgment,Change acknowledgment,Change acknowledgment,False
2174790160,completion,Improvement suggestion,Improvement suggestion,Improvement suggestion,False
2138304107,completion,Workflow/verification report,Change acknowledgment,Change acknowledgment,True
2181463594,completion,Response to feedback,Response to feedback,Response to feedback,False
2105900508,completion,Change acknowledgment,Change acknowledgment,Change acknowledgment,False
2216929528,completion,Change acknowledgment,Change acknowledgment,Change acknowledgment,False
2216507434,completion,Change acknowledgment,Change acknowledgment,Change acknowledgment,False
2141258355,completion,Change acknowledgment,Change acknowledgment,Change acknowledgment,False
2174609546,completion,Change acknowledgment,Change acknowledgment,Change acknowledgment,False
2195594186,completion,Response to feedback,Response to feedback,Response to feedback,False
2198923971,completion,Change acknowledgment,Change acknowledgment,Change acknowledgment,False
2096533496,completion,Change acknowledgment,Response to feedback,Response to feedback,True
2203408506,completion,Change acknowledgment,Change acknowledgment,Change acknowledgment,False
2247655655,pilot,Change acknowledgment,Change acknowledgment,Change acknowledgment,False
2130425511,completion,Change acknowledgment,Change acknowledgment,Change acknowledgment,False
2133639928,completion,Response to feedback,Response to feedback,Response to feedback,False
2096533766,completion,Change acknowledgment,Change acknowledgment,Change acknowledgment,False
2145592977,completion,Change acknowledgment,Change acknowledgment,Change acknowledgment,False
2138536151,completion,Change acknowledgment,Change acknowledgment,Change acknowledgment,False
2097900982,completion,Response to feedback,Response to feedback,Response to feedback,False
2247654660,rest,Change acknowledgment,Change acknowledgment,Change acknowledgment,False
2198376630,completion,Change acknowledgment,Change acknowledgment,Change acknowledgment,False
2216154829,completion,Response to feedback,Response to feedback,Response to feedback,False
2113030468,rest,Response to feedback,Response to feedback,Response to feedback,False
2116126683,completion,Change acknowledgment,Change acknowledgment,Change acknowledgment,False
2101020161,rest,Response to feedback,Response to feedback,Response to feedback,False
2216378493,completion,Response to feedback,Response to feedback,Response to feedback,False
2247412130,completion,Response to feedback,Response to feedback,Response to feedback,False
2172265802,rest,Change acknowledgment,Change acknowledgment,Change acknowledgment,False
2096621608,rest,Change acknowledgment,Change acknowledgment,Change acknowledgment,False
2103309624,completion,Change acknowledgment,Change acknowledgment,Change acknowledgment,False
2241838188,completion,Change acknowledgment,Change acknowledgment,Change acknowledgment,False
2106281768,completion,Response to feedback,Response to feedback,Response to feedback,False
2169907632,rest,Response to feedback,Response to feedback,Response to feedback,False
2178022223,completion,Response to feedback,Change acknowledgment,Response to feedback,True
2213821016,completion,Improvement suggestion,Improvement suggestion,Improvement suggestion,False
2146430687,rest,Response to feedback,Response to feedback,Response to feedback,False
2147400737,rest,Change acknowledgment,Change acknowledgment,Change acknowledgment,False
2169838027,completion,Improvement suggestion,Clarification/question,Clarification/question,True
2184736682,completion,Change acknowledgment,Change acknowledgment,Change acknowledgment,False
2103584791,completion,Response to feedback,Response to feedback,Response to feedback,False
2201515123,completion,Change acknowledgment,Change acknowledgment,Change acknowledgment,False
2141308032,completion,Change acknowledgment,Change acknowledgment,Change acknowledgment,False
2209079662,rest,Change acknowledgment,Change acknowledgment,Change acknowledgment,False
2167418294,rest,Change acknowledgment,Change acknowledgment,Change acknowledgment,False
2132676184,completion,Change acknowledgment,Change acknowledgment,Change acknowledgment,False
2141325427,completion,Change acknowledgment,Change acknowledgment,Change acknowledgment,False
2124845515,rest,Change acknowledgment,Response to feedback,Response to feedback,True
2151886009,completion,Change acknowledgment,Change acknowledgment,Change acknowledgment,False
2203945766,rest,Change acknowledgment,Change acknowledgment,Change acknowledgment,False
2196854634,completion,Change acknowledgment,Change acknowledgment,Change acknowledgment,False
2180673769,rest,Improvement suggestion,Clarification/question,Explanation,True
2238540470,rest,Response to feedback,Response to feedback,Response to feedback,False
2114771541,pilot,Change acknowledgment,Change acknowledgment,Change acknowledgment,False
2176167268,completion,Change acknowledgment,Change acknowledgment,Change acknowledgment,False
2197370719,completion,Change acknowledgment,Change acknowledgment,Change acknowledgment,False
2130431288,completion,Change acknowledgment,Change acknowledgment,Change acknowledgment,False
2193248128,completion,Change acknowledgment,Change acknowledgment,Change acknowledgment,False
2203165334,completion,Change acknowledgment,Change acknowledgment,Change acknowledgment,False
2101785568,completion,Change acknowledgment,Change acknowledgment,Change acknowledgment,False
2185581305,completion,Response to feedback,Response to feedback,Response to feedback,False
2141258544,rest,Change acknowledgment,Change acknowledgment,Change acknowledgment,False
2096287787,pilot,Change acknowledgment,Change acknowledgment,Change acknowledgment,False
2098714852,completion,Other,Response to feedback,Explanation,True
2206425126,rest,Response to feedback,Response to feedback,Response to feedback,False
2136127012,pilot,Response to feedback,Response to feedback,Response to feedback,False
2181896430,completion,Explanation,Explanation,Explanation,False
2127468310,pilot,Change acknowledgment,Change acknowledgment,Change acknowledgment,False
2140035203,completion,Response to feedback,Response to feedback,Response to feedback,False
2106281660,completion,Change acknowledgment,Change acknowledgment,Change acknowledgment,False
2175114652,completion,Change acknowledgment,Change acknowledgment,Change acknowledgment,False
2116871958,completion,Change acknowledgment,Change acknowledgment,Change acknowledgment,False
2182889926,completion,Change acknowledgment,Change acknowledgment,Change acknowledgment,False
2177482279,completion,Change acknowledgment,Change acknowledgment,Change acknowledgment,False
2121805824,completion,Response to feedback,Response to feedback,Response to feedback,False
2141302180,completion,Change acknowledgment,Change acknowledgment,Change acknowledgment,False
2176123703,completion,Change acknowledgment,Change acknowledgment,Change acknowledgment,False
2169117394,rest,Change acknowledgment,Change acknowledgment,Change acknowledgment,False
2171332636,pilot,Change acknowledgment,Change acknowledgment,Change acknowledgment,False
2102358900,completion,Response to feedback,Response to feedback,Response to feedback,False
2144273274,completion,Code-issue feedback,Explanation,Explanation,True
2097961769,completion,Change acknowledgment,Change acknowledgment,Change acknowledgment,False
2198725305,completion,Change acknowledgment,Change acknowledgment,Change acknowledgment,False
2225093424,completion,Response to feedback,Response to feedback,Response to feedback,False
2136796277,completion,Response to feedback,Response to feedback,Response to feedback,False
2232886954,completion,Change acknowledgment,Change acknowledgment,Change acknowledgment,False
2242660415,completion,Change acknowledgment,Change acknowledgment,Change acknowledgment,False
2237353256,completion,Change acknowledgment,Change acknowledgment,Change acknowledgment,False
2188120244,completion,Change acknowledgment,Change acknowledgment,Change acknowledgment,False
2184558750,completion,Improvement suggestion,Improvement suggestion,Improvement suggestion,False
2150938753,completion,Other,Response to feedback,Response to feedback,True
2202219461,completion,Change acknowledgment,Change acknowledgment,Change acknowledgment,False
2143138675,completion,Change acknowledgment,Change acknowledgment,Change acknowledgment,False
2242566822,completion,Improvement suggestion,Improvement suggestion,Improvement suggestion,False
2101032236,completion,Change acknowledgment,Change acknowledgment,Change acknowledgment,False
2210760612,pilot,Improvement suggestion,Improvement suggestion,Improvement suggestion,False
2136264908,completion,Improvement suggestion,Improvement suggestion,Improvement suggestion,False
2145525829,completion,Change acknowledgment,Change acknowledgment,Change acknowledgment,False
2115135319,completion,Change acknowledgment,Change acknowledgment,Change acknowledgment,False
2099218458,completion,Response to feedback,Response to feedback,Response to feedback,False
2121216264,completion,Change acknowledgment,Change acknowledgment,Change acknowledgment,False
2199495480,pilot,Response to feedback,Response to feedback,Response to feedback,False
2131349722,pilot,Change acknowledgment,Change acknowledgment,Change acknowledgment,False
2132991314,completion,Response to feedback,Response to feedback,Response to feedback,False
2169846551,rest,Change acknowledgment,Change acknowledgment,Change acknowledgment,False
2213716300,completion,Change acknowledgment,Change acknowledgment,Change acknowledgment,False
2116491570,completion,Change acknowledgment,Change acknowledgment,Change acknowledgment,False
2223474464,completion,Response to feedback,Response to feedback,Response to feedback,False
2106339834,completion,Change acknowledgment,Change acknowledgment,Change acknowledgment,False
2200879573,completion,Change acknowledgment,Change acknowledgment,Change acknowledgment,False
2138568653,rest,Response to feedback,Response to feedback,Response to feedback,False
2209781262,completion,Change acknowledgment,Change acknowledgment,Change acknowledgment,False
2103269564,completion,Code-issue feedback,Workflow/verification report,Workflow/verification report,True
2183414190,completion,Change acknowledgment,Change acknowledgment,Change acknowledgment,False
2115687928,completion,Improvement suggestion,Improvement suggestion,Improvement suggestion,False
2101076786,completion,Change acknowledgment,Change acknowledgment,Change acknowledgment,False
2239315738,completion,Change acknowledgment,Change acknowledgment,Change acknowledgment,False
2140448104,pilot,Change acknowledgment,Change acknowledgment,Change acknowledgment,False
2201497447,rest,Change acknowledgment,Response to feedback,Response to feedback,True
2211345436,completion,Change acknowledgment,Change acknowledgment,Change acknowledgment,False
2190949521,pilot,Change acknowledgment,Change acknowledgment,Change acknowledgment,False
2173798789,completion,Change acknowledgment,Change acknowledgment,Change acknowledgment,False
2148222066,pilot,Change acknowledgment,Change acknowledgment,Change acknowledgment,False
2104039927,pilot,Change acknowledgment,Change acknowledgment,Change acknowledgment,False
2242605118,completion,Change acknowledgment,Change acknowledgment,Change acknowledgment,False
2103054196,rest,Change acknowledgment,Change acknowledgment,Change acknowledgment,False
2199379932,pilot,Change acknowledgment,Change acknowledgment,Change acknowledgment,False
2241679417,completion,Response to feedback,Response to feedback,Response to feedback,False
2217302006,completion,Change acknowledgment,Change acknowledgment,Change acknowledgment,False
2201215853,completion,Change acknowledgment,Change acknowledgment,Change acknowledgment,False
2132898638,completion,Change acknowledgment,Change acknowledgment,Change acknowledgment,False
2102914468,completion,Change acknowledgment,Change acknowledgment,Change acknowledgment,False
2129194671,completion,Response to feedback,Change acknowledgment,Response to feedback,True
2138265835,pilot,Other,Explanation,Explanation,True
2139561741,completion,Clarification/question,Explanation,Explanation,True
2150419301,completion,Change acknowledgment,Change acknowledgment,Change acknowledgment,False
2217138564,pilot,Improvement suggestion,Improvement suggestion,Improvement suggestion,False
2176337139,completion,Change acknowledgment,Change acknowledgment,Change acknowledgment,False
2143658391,completion,Change acknowledgment,Change acknowledgment,Change acknowledgment,False
2167527290,pilot,Change acknowledgment,Change acknowledgment,Change acknowledgment,False
2225188077,rest,Response to feedback,Response to feedback,Response to feedback,False
2116887853,completion,Change acknowledgment,Change acknowledgment,Change acknowledgment,False
2183785785,pilot,Response to feedback,Response to feedback,Response to feedback,False
2213002713,completion,Change acknowledgment,Change acknowledgment,Change acknowledgment,False
2204892447,pilot,Change acknowledgment,Change acknowledgment,Change acknowledgment,False
2237645443,completion,Change acknowledgment,Change acknowledgment,Change acknowledgment,False
2178148853,completion,Change acknowledgment,Change acknowledgment,Change acknowledgment,False
2101082962,pilot,Change acknowledgment,Change acknowledgment,Change acknowledgment,False
2183654908,completion,Change acknowledgment,Change acknowledgment,Change acknowledgment,False
2097276063,completion,Improvement suggestion,Improvement suggestion,Improvement suggestion,False
2157372823,rest,Response to feedback,Response to feedback,Response to feedback,False
2173529715,pilot,Change acknowledgment,Change acknowledgment,Change acknowledgment,False
2192118659,completion,Change acknowledgment,Change acknowledgment,Change acknowledgment,False
2154770819,completion,Response to feedback,Response to feedback,Response to feedback,False
2173096748,completion,Change acknowledgment,Change acknowledgment,Change acknowledgment,False
2232554225,completion,Response to feedback,Response to feedback,Response to feedback,False
2151802006,pilot,Change acknowledgment,Change acknowledgment,Change acknowledgment,False
2137955774,completion,Change acknowledgment,Change acknowledgment,Change acknowledgment,False
2180104137,completion,Change acknowledgment,Change acknowledgment,Change acknowledgment,False
2116887445,completion,Change acknowledgment,Change acknowledgment,Change acknowledgment,False
2225664591,completion,Response to feedback,Response to feedback,Response to feedback,False
2157433414,completion,Change acknowledgment,Response to feedback,Response to feedback,True
2217283115,completion,Response to feedback,Response to feedback,Response to feedback,False
2124399975,completion,Response to feedback,Response to feedback,Response to feedback,False
2102055257,completion,Change acknowledgment,Change acknowledgment,Change acknowledgment,False
2238547000,rest,Change acknowledgment,Change acknowledgment,Change acknowledgment,False
2196341092,completion,Response to feedback,Response to feedback,Response to feedback,False
2150704560,completion,Change acknowledgment,Change acknowledgment,Change acknowledgment,False
2205830813,pilot,Change acknowledgment,Change acknowledgment,Change acknowledgment,False
2106077811,rest,Improvement suggestion,Improvement suggestion,Improvement suggestion,False
2143809717,completion,Change acknowledgment,Change acknowledgment,Change acknowledgment,False
2145547867,pilot,Change acknowledgment,Change acknowledgment,Change acknowledgment,False
2210062397,completion,Change acknowledgment,Change acknowledgment,Change acknowledgment,False
2166316206,completion,Response to feedback,Response to feedback,Response to feedback,False
2112073126,completion,Change acknowledgment,Change acknowledgment,Change acknowledgment,False
2201556241,rest,Change acknowledgment,Change acknowledgment,Change acknowledgment,False
2191282819,completion,Change acknowledgment,Change acknowledgment,Change acknowledgment,False
2202282846,completion,Change acknowledgment,Change acknowledgment,Change acknowledgment,False
2210180136,completion,Change acknowledgment,Change acknowledgment,Change acknowledgment,False
2181169969,completion,Change acknowledgment,Change acknowledgment,Change acknowledgment,False
2173826865,pilot,Change acknowledgment,Change acknowledgment,Change acknowledgment,False
2238860589,completion,Response to feedback,Response to feedback,Response to feedback,False
2237788198,completion,Change acknowledgment,Change acknowledgment,Change acknowledgment,False
2241783068,completion,Change acknowledgment,Change acknowledgment,Change acknowledgment,False
2127417067,rest,Response to feedback,Response to feedback,Response to feedback,False
2167603678,pilot,Change acknowledgment,Change acknowledgment,Change acknowledgment,False
2158299797,completion,Change acknowledgment,Change acknowledgment,Change acknowledgment,False
2203112950,completion,Change acknowledgment,Change acknowledgment,Change acknowledgment,False
2136882747,completion,Change acknowledgment,Change acknowledgment,Change acknowledgment,False
2180548274,completion,Response to feedback,Response to feedback,Response to feedback,False
2103198575,rest,Change acknowledgment,Change acknowledgment,Change acknowledgment,False
2230020723,completion,Other,Response to feedback,Explanation,True
2176157979,completion,Change acknowledgment,Change acknowledgment,Change acknowledgment,False
2204361786,completion,Code-issue feedback,Other,Workflow/verification report,True
2225536382,pilot,Change acknowledgment,Change acknowledgment,Change acknowledgment,False
2102948097,completion,Change acknowledgment,Change acknowledgment,Change acknowledgment,False
2193874677,completion,Change acknowledgment,Change acknowledgment,Change acknowledgment,False
2181813506,completion,Improvement suggestion,Improvement suggestion,Improvement suggestion,False
2097869492,pilot,Other,Change acknowledgment,Change acknowledgment,True
2191865989,pilot,Change acknowledgment,Change acknowledgment,Change acknowledgment,False
2101157334,completion,Response to feedback,Response to feedback,Response to feedback,False
2158299735,completion,Change acknowledgment,Change acknowledgment,Change acknowledgment,False
2235788983,completion,Change acknowledgment,Change acknowledgment,Change acknowledgment,False
2188515191,completion,Response to feedback,Response to feedback,Response to feedback,False
2174071468,completion,Response to feedback,Response to feedback,Response to feedback,False
2135740008,completion,Response to feedback,Response to feedback,Response to feedback,False
2212382668,rest,Change acknowledgment,Change acknowledgment,Change acknowledgment,False
2148582095,pilot,Improvement suggestion,Improvement suggestion,Improvement suggestion,False
2103473740,completion,Change acknowledgment,Change acknowledgment,Change acknowledgment,False
2116901608,rest,Change acknowledgment,Change acknowledgment,Change acknowledgment,False
2109559333,completion,Change acknowledgment,Change acknowledgment,Change acknowledgment,False
2146978522,completion,Change acknowledgment,Change acknowledgment,Change acknowledgment,False
2143131090,completion,Change acknowledgment,Change acknowledgment,Change acknowledgment,False
2100010779,completion,Response to feedback,Response to feedback,Response to feedback,False
2125735111,completion,Change acknowledgment,Change acknowledgment,Change acknowledgment,False
2210085193,completion,Change acknowledgment,Change acknowledgment,Change acknowledgment,False
2169216502,completion,Change acknowledgment,Change acknowledgment,Change acknowledgment,False
2138552633,completion,Change acknowledgment,Change acknowledgment,Change acknowledgment,False
2154762085,completion,Response to feedback,Response to feedback,Response to feedback,False
2180650377,pilot,Change acknowledgment,Change acknowledgment,Change acknowledgment,False
2157734439,completion,Response to feedback,Response to feedback,Response to feedback,False
2182964364,completion,Change acknowledgment,Change acknowledgment,Change acknowledgment,False
2136870277,completion,Other,Response to feedback,Explanation,True
2138702666,completion,Other,Response to feedback,Response to feedback,True
2178318638,completion,Response to feedback,Response to feedback,Response to feedback,False
2146099577,completion,Change acknowledgment,Change acknowledgment,Change acknowledgment,False
2100826514,rest,Other,Change acknowledgment,Change acknowledgment,True
2195364485,completion,Response to feedback,Change acknowledgment,Response to feedback,True
2203473782,completion,Change acknowledgment,Change acknowledgment,Change acknowledgment,False
2145561502,pilot,Response to feedback,Response to feedback,Response to feedback,False
2173620225,completion,Change acknowledgment,Change acknowledgment,Change acknowledgment,False
2102056569,rest,Change acknowledgment,Change acknowledgment,Change acknowledgment,False
2118881181,completion,Change acknowledgment,Change acknowledgment,Change acknowledgment,False
2126470547,completion,Response to feedback,Response to feedback,Response to feedback,False
2145592661,pilot,Response to feedback,Response to feedback,Response to feedback,False
2164232457,completion,Response to feedback,Response to feedback,Response to feedback,False
2196932790,completion,Change acknowledgment,Change acknowledgment,Change acknowledgment,False
2213064292,completion,Change acknowledgment,Change acknowledgment,Change acknowledgment,False
2174913455,completion,Change acknowledgment,Change acknowledgment,Change acknowledgment,False
2180471157,completion,Response to feedback,Response to feedback,Response to feedback,False
2116797916,completion,Change acknowledgment,Change acknowledgment,Change acknowledgment,False
2160581274,rest,Change acknowledgment,Change acknowledgment,Change acknowledgment,False
2113723264,completion,Change acknowledgment,Change acknowledgment,Change acknowledgment,False
2154524131,pilot,Change acknowledgment,Change acknowledgment,Change acknowledgment,False
2181007276,completion,Change acknowledgment,Change acknowledgment,Change acknowledgment,False
2141268103,completion,Change acknowledgment,Change acknowledgment,Change acknowledgment,False
2146242437,completion,Response to feedback,Response to feedback,Response to feedback,False
2096551928,completion,Change acknowledgment,Change acknowledgment,Change acknowledgment,False
2164857991,pilot,Change acknowledgment,Change acknowledgment,Change acknowledgment,False
2238930628,completion,Change acknowledgment,Change acknowledgment,Change acknowledgment,False
2107146389,rest,Change acknowledgment,Change acknowledgment,Change acknowledgment,False
2203944660,pilot,Change acknowledgment,Response to feedback,Response to feedback,True
2175730124,completion,Change acknowledgment,Change acknowledgment,Change acknowledgment,False
2102029075,completion,Improvement suggestion,Improvement suggestion,Improvement suggestion,False
2201364109,completion,Response to feedback,Improvement suggestion,Improvement suggestion,True
2180832960,completion,Improvement suggestion,Improvement suggestion,Improvement suggestion,False
2183028140,completion,Change acknowledgment,Change acknowledgment,Change acknowledgment,False
2199960414,completion,Change acknowledgment,Change acknowledgment,Change acknowledgment,False
2138310757,completion,Change acknowledgment,Change acknowledgment,Change acknowledgment,False
2216480847,completion,Improvement suggestion,Improvement suggestion,Improvement suggestion,False
2195843650,completion,Change acknowledgment,Change acknowledgment,Change acknowledgment,False
2209266394,pilot,Response to feedback,Response to feedback,Response to feedback,False
2230636622,rest,Change acknowledgment,Change acknowledgment,Change acknowledgment,False
2130426337,rest,Change acknowledgment,Change acknowledgment,Change acknowledgment,False
2247991114,pilot,Response to feedback,Response to feedback,Response to feedback,False
2139153268,rest,Response to feedback,Response to feedback,Response to feedback,False
2144843896,rest,Response to feedback,Response to feedback,Response to feedback,False
2114184021,completion,Change acknowledgment,Change acknowledgment,Change acknowledgment,False
2120865552,rest,Change acknowledgment,Change acknowledgment,Change acknowledgment,False
2174071489,completion,Response to feedback,Response to feedback,Response to feedback,False
2242176697,completion,Change acknowledgment,Response to feedback,Response to feedback,True
2173531832,completion,Change acknowledgment,Change acknowledgment,Change acknowledgment,False
2183795323,rest,Response to feedback,Response to feedback,Response to feedback,False
2139128179,completion,Change acknowledgment,Change acknowledgment,Change acknowledgment,False
2239577267,completion,Change acknowledgment,Change acknowledgment,Change acknowledgment,False
2106781172,completion,Improvement suggestion,Improvement suggestion,Improvement suggestion,False
2117094825,pilot,Change acknowledgment,Change acknowledgment,Change acknowledgment,False
2097276075,completion,Other,Improvement suggestion,Improvement suggestion,True
2153398662,completion,Change acknowledgment,Change acknowledgment,Change acknowledgment,False
2216579314,completion,Change acknowledgment,Change acknowledgment,Change acknowledgment,False
2117073623,completion,Change acknowledgment,Change acknowledgment,Change acknowledgment,False
2157390046,completion,Change acknowledgment,Response to feedback,Response to feedback,True
2145345087,completion,Response to feedback,Response to feedback,Response to feedback,False
2132580336,rest,Change acknowledgment,Change acknowledgment,Change acknowledgment,False
2202359744,rest,Change acknowledgment,Change acknowledgment,Change acknowledgment,False
2159635783,completion,Change acknowledgment,Change acknowledgment,Change acknowledgment,False
2227471721,completion,Change acknowledgment,Change acknowledgment,Change acknowledgment,False
2136562831,pilot,Response to feedback,Response to feedback,Response to feedback,False
2102204284,completion,Change acknowledgment,Change acknowledgment,Change acknowledgment,False
2202861499,pilot,Change acknowledgment,Change acknowledgment,Change acknowledgment,False
2173968021,completion,Change acknowledgment,Change acknowledgment,Change acknowledgment,False
2151335418,completion,Other,Response to feedback,Explanation,True
2241592857,completion,Change acknowledgment,Change acknowledgment,Change acknowledgment,False
2139010874,pilot,Change acknowledgment,Change acknowledgment,Change acknowledgment,False
2179385152,completion,Change acknowledgment,Change acknowledgment,Change acknowledgment,False
2127980732,completion,Response to feedback,Response to feedback,Response to feedback,False
2105884004,completion,Response to feedback,Response to feedback,Response to feedback,False
2100918489,rest,Change acknowledgment,Change acknowledgment,Change acknowledgment,False
2179233498,completion,Change acknowledgment,Change acknowledgment,Change acknowledgment,False
2141364532,completion,Other,Change acknowledgment,Change acknowledgment,True
2149985599,completion,Change acknowledgment,Change acknowledgment,Change acknowledgment,False
2128591196,pilot,Change acknowledgment,Change acknowledgment,Change acknowledgment,False
2179154398,completion,Change acknowledgment,Change acknowledgment,Change acknowledgment,False
2097962020,rest,Change acknowledgment,Change acknowledgment,Change acknowledgment,False
2139142133,rest,Change acknowledgment,Change acknowledgment,Change acknowledgment,False
2102172820,completion,Change acknowledgment,Change acknowledgment,Change acknowledgment,False
2232841170,completion,Change acknowledgment,Change acknowledgment,Change acknowledgment,False
2209155307,completion,Change acknowledgment,Change acknowledgment,Change acknowledgment,False
2138775312,completion,Change acknowledgment,Response to feedback,Explanation,True
2106091938,completion,Change acknowledgment,Change acknowledgment,Change acknowledgment,False
2181136647,completion,Change acknowledgment,Change acknowledgment,Change acknowledgment,False
2234582825,completion,Response to feedback,Response to feedback,Response to feedback,False
2116110004,completion,Change acknowledgment,Change acknowledgment,Change acknowledgment,False
2113699461,completion,Change acknowledgment,Change acknowledgment,Change acknowledgment,False
2174723760,pilot,Change acknowledgment,Change acknowledgment,Change acknowledgment,False
2182770946,completion,Change acknowledgment,Change acknowledgment,Change acknowledgment,False
2199225190,completion,Code-issue feedback,Workflow/verification report,Workflow/verification report,True
2180113756,completion,Response to feedback,Response to feedback,Response to feedback,False
2169491090,rest,Change acknowledgment,Change acknowledgment,Change acknowledgment,False
2104750395,completion,Change acknowledgment,Change acknowledgment,Change acknowledgment,False
2131907095,rest,Change acknowledgment,Change acknowledgment,Change acknowledgment,False
2227229905,pilot,Change acknowledgment,Change acknowledgment,Change acknowledgment,False
2180944349,completion,Improvement suggestion,Improvement suggestion,Improvement suggestion,False
2193469113,completion,Change acknowledgment,Change acknowledgment,Change acknowledgment,False
2169865807,pilot,Response to feedback,Response to feedback,Response to feedback,False
2114888926,completion,Response to feedback,Response to feedback,Response to feedback,False
2157346879,completion,Response to feedback,Response to feedback,Response to feedback,False
