# RQ2 | same-system summary sample (275 units): both annotations and the adjudicated final
id,pass1,pass2,final
2852009275,change overview,Change overview,change overview
2852459483,change overview,Change overview,change overview
2855537223,change overview,Change overview,change overview
2857956911,change overview,Change overview,change overview
2858789144,change overview,Change overview,change overview
2872976444,change overview,Change overview,change overview
2859407736,review unavailable,Review unavailable,review unavailable
2866718015,change overview,Change overview,change overview
2859576054,change overview,Change overview,change overview
2859759887,change overview,Change overview,change overview
2861088093,change overview,Change overview,change overview
2863739168,change overview,Change overview,change overview
2861863274,change overview,Change overview,change overview
2874906394,change overview,Change overview,change overview
2861928883,review unavailable,Review unavailable,review unavailable
2864471618,review unavailable,Review unavailable,review unavailable
2869930457,change overview,Change overview,change overview
2870307670,review unavailable,Review unavailable,review unavailable
2876888434,change overview,Change overview,change overview
2878023025,change overview,Change overview,change overview
2881567814,change overview,Change overview,change overview
2882035590,change overview,Change overview,change overview
2893984324,change overview,Change overview,change overview
2883722488,change overview,Change overview,change overview
2884014177,change overview,Change overview,change overview
2886597733,change overview,Change overview,change overview
2887741163,findings digest,Change overview,change overview
2889662403,change overview,Change overview,change overview
2889756541,change overview,Change overview,change overview
2890358420,findings digest,Change overview,change overview
2891461931,change overview,Change overview,change overview
2894744651,approval verdict,Approval verdict,approval verdict
2894489271,change overview,Change overview,change overview
2897772971,change overview,Change overview,change overview
2895711907,change overview,Change overview,change overview
2900541983,change overview,Change overview,change overview
2914946232,change overview,Change overview,change overview
2914394347,change overview,Change overview,change overview
2909460384,change overview,Change overview,change overview
2898903337,change overview,Change overview,change overview
2900450185,approval verdict,Approval verdict,approval verdict
2905067576,change overview,Change overview,change overview
2902613436,findings digest,Change overview,change overview
2904699556,change overview,Change overview,change overview
2904823437,review unavailable,Review unavailable,review unavailable
2904839543,change overview,Change overview,change overview
2910971158,change overview,Change overview,change overview
2906248739,change overview,Change overview,change overview
2906263116,change overview,Change overview,change overview
2906400737,change overview,Change overview,change overview
2908011123,change overview,Change overview,change overview
2910427859,findings digest,Findings digest,findings digest
2914638983,change overview,Change overview,change overview
2912635122,approval verdict,Approval verdict,approval verdict
2921128516,findings digest,Findings digest,findings digest
2948093774,findings digest,Findings digest,findings digest
2912629970,findings digest,Findings digest,findings digest
2929030943,findings digest,Findings digest,findings digest
3287087274,change overview,Change overview,change overview
2914643744,approval verdict,Approval verdict,approval verdict
2914652539,approval verdict,Approval verdict,approval verdict
2915149219,change overview,Change overview,change overview
2915195201,change overview,Change overview,change overview
2916177042,verification report,Change overview,change overview
2915760744,change overview,Change overview,change overview
2915769831,change overview,Change overview,change overview
3051532417,change overview,Change overview,change overview
2930405634,change overview,Change overview,change overview
2962374002,change overview,Change overview,change overview
2920521281,change overview,Change overview,change overview
2921537596,change overview,Change overview,change overview
2921113214,change overview,Change overview,change overview
2959977724,change overview,Change overview,change overview
2942089988,change overview,Change overview,change overview
2929030287,approval verdict,Approval verdict,approval verdict
2924628857,approval verdict,Approval verdict,approval verdict
3047371610,change overview,Change overview,change overview
2932609460,findings digest,Change overview,change overview
2959276489,findings digest,Findings digest,findings digest
2942596722,findings digest,Findings digest,findings digest
2933092908,findings digest,Findings digest,findings digest
2940029434,findings digest,Findings digest,findings digest
2944128392,change overview,Change overview,change overview
2933219681,approval verdict,Approval verdict,approval verdict
2933273723,findings digest,Findings digest,findings digest
2933724442,change overview,Change overview,change overview
2963941936,approval verdict,Approval verdict,approval verdict
2963943072,approval verdict,Approval verdict,approval verdict
3007341368,change overview,Change overview,change overview
2937659506,change overview,Change overview,change overview
2938061236,change overview,Change overview,change overview
2941308017,review unavailable,Review unavailable,review unavailable
2942970452,review unavailable,Review unavailable,review unavailable
2944200742,change overview,Change overview,change overview
2944125852,findings digest,Findings digest,findings digest
2947769464,change overview,Change overview,change overview
2947821858,approval verdict,Approval verdict,approval verdict
2948065023,findings digest,Findings digest,findings digest
2948930004,findings digest,Findings digest,findings digest
2948381014,change overview,Change overview,change overview
2948380498,change overview,change overview,change overview
2949046487,change overview,change overview,change overview
2950689135,findings digest,findings digest,findings digest
2968137841,change overview,change overview,change overview
2951845255,change overview,change overview,change overview
2951845513,change overview,change overview,change overview
2956997949,findings digest,findings digest,findings digest
2970779521,change overview,change overview,change overview
2953540849,findings digest,findings digest,findings digest
2953672550,findings digest,findings digest,findings digest
2953808257,findings digest,findings digest,findings digest
2954188884,findings digest,findings digest,findings digest
2953657043,findings digest,findings digest,findings digest
2954941038,findings digest,findings digest,findings digest
2955385210,change overview,change overview,change overview
2955306622,change overview,change overview,change overview
2968463922,findings digest,findings digest,findings digest
2957755848,findings digest,findings digest,findings digest
2968467768,findings digest,findings digest,findings digest
2957754281,approval verdict,approval verdict,approval verdict
2968471585,findings digest,findings digest,findings digest
2961901243,change overview,change overview,change overview
2960236669,change overview,change overview,change overview
3086470677,change overview,change overview,change overview
2962619853,change overview,change overview,change overview
2963140850,findings digest,findings digest,findings digest
2963052545,findings digest,findings digest,findings digest
2963698964,findings digest,findings digest,findings digest
2966638163,change overview,change overview,change overview
3104833443,change overview,change overview,change overview
2969214606,change overview,change overview,change overview
2983368837,change overview,change overview,change overview
2966343937,change overview,change overview,change overview
2966815156,change overview,change overview,change overview
2971337971,change overview,change overview,change overview
2969610524,change overview,change overview,change overview
2972962398,findings digest,findings digest,findings digest
2973332702,findings digest,findings digest,findings digest
2973388219,change overview,change overview,change overview
2973635361,findings digest,findings digest,findings digest
2974052139,findings digest,findings digest,findings digest
2979379975,change overview,change overview,change overview
2979376238,change overview,change overview,change overview
2979681709,findings digest,findings digest,findings digest
2978826451,review unavailable,review unavailable,review unavailable
2982133638,findings digest,findings digest,findings digest
2980172997,findings digest,findings digest,findings digest
2980160192,findings digest,findings digest,findings digest
2980630553,findings digest,findings digest,findings digest
2981750416,change overview,change overview,change overview
2981770140,change overview,change overview,change overview
2982302399,change overview,change overview,change overview
3026427479,findings digest,findings digest,findings digest
2982890739,change overview,change overview,change overview
2990722644,findings digest,findings digest,findings digest
2990718954,findings digest,findings digest,findings digest
2985807190,change overview,change overview,change overview
3030272201,change overview,change overview,change overview
3108611775,change overview,change overview,change overview
2987299194,change overview,change overview,change overview
2987842213,review unavailable,review unavailable,review unavailable
2989692710,findings digest,findings digest,findings digest
2990931487,change overview,change overview,change overview
2990949543,findings digest,findings digest,findings digest
2991049707,findings digest,findings digest,findings digest
2991120063,change overview,change overview,change overview
2991417040,findings digest,findings digest,findings digest
3149102770,change overview,change overview,change overview
2994071516,findings digest,findings digest,findings digest
2994216671,findings digest,findings digest,findings digest
2994469256,findings digest,findings digest,findings digest
2994851324,review unavailable,review unavailable,review unavailable
2995877038,change overview,change overview,change overview
3002640578,change overview,change overview,change overview
3009212164,findings digest,findings digest,findings digest
3036369778,verification report,findings digest,findings digest
3008631652,findings digest,findings digest,findings digest
3027815543,findings digest,findings digest,findings digest
3003529889,findings digest,findings digest,findings digest
3022929244,findings digest,findings digest,findings digest
2995820199,change overview,change overview,change overview
2995884233,change overview,change overview,change overview
3099788633,change overview,change overview,change overview
2998643144,review unavailable,review unavailable,review unavailable
3000350246,change overview,change overview,change overview
3000609608,findings digest,findings digest,findings digest
3000707808,findings digest,findings digest,findings digest
3000953461,findings digest,findings digest,findings digest
3002608209,findings digest,findings digest,findings digest
3002457105,findings digest,findings digest,findings digest
3002025077,findings digest,findings digest,findings digest
3078356145,change overview,change overview,change overview
3008078111,change overview,change overview,change overview
3008457040,change overview,change overview,change overview
3009682618,findings digest,findings digest,findings digest
3011067083,change overview,change overview,change overview
3012514732,findings digest,findings digest,findings digest
3012973027,change overview,change overview,change overview
3013033460,findings digest,findings digest,findings digest
3035427988,findings digest,findings digest,findings digest
3036103347,findings digest,findings digest,findings digest
3035430922,findings digest,findings digest,findings digest
3013112797,findings digest,findings digest,findings digest
3013105880,findings digest,findings digest,findings digest
3013331703,findings digest,findings digest,findings digest
3013184645,findings digest,findings digest,findings digest
3013282973,findings digest,findings digest,findings digest
3013245225,findings digest,findings digest,findings digest
3013781015,change overview,change overview,change overview
3013339361,findings digest,findings digest,findings digest
3013390029,findings digest,findings digest,findings digest
3014315354,findings digest,findings digest,findings digest
3062748970,change overview,change overview,change overview
3013974732,findings digest,findings digest,findings digest
3014266563,findings digest,change overview,change overview
3014043515,change overview,change overview,change overview
3014277917,findings digest,findings digest,findings digest
3014518210,findings digest,findings digest,findings digest
3039713700,findings digest,change overview,change overview
3033281350,findings digest,findings digest,findings digest
3014994007,findings digest,findings digest,findings digest
3015600457,change overview,change overview,change overview
3015332619,review unavailable,review unavailable,review unavailable
3015332159,review unavailable,review unavailable,review unavailable
3059665512,approval verdict,approval verdict,approval verdict
3017445931,findings digest,findings digest,findings digest
3021897880,findings digest,findings digest,findings digest
3018774118,change overview,change overview,change overview
3181310904,change overview,change overview,change overview
3183594800,change overview,change overview,change overview
3019154880,findings digest,change overview,change overview
3020217735,findings digest,findings digest,findings digest
3021998321,findings digest,findings digest,findings digest
3021820355,findings digest,findings digest,findings digest
3025311978,findings digest,findings digest,findings digest
3025726560,change overview,change overview,change overview
3027961164,change overview,change overview,change overview
3027854768,verification report,change overview,change overview
3030594413,findings digest,findings digest,findings digest
3030845309,findings digest,findings digest,findings digest
3031403903,findings digest,findings digest,findings digest
3031565532,findings digest,findings digest,findings digest
3035119897,change overview,change overview,change overview
3035082987,change overview,change overview,change overview
3032690199,findings digest,findings digest,findings digest
3034957854,findings digest,findings digest,findings digest
3034164762,findings digest,findings digest,findings digest
3113131343,change overview,change overview,change overview
3045139093,findings digest,findings digest,findings digest
3039407562,findings digest,findings digest,findings digest
3036085358,approval verdict,approval verdict,approval verdict
3036081139,findings digest,findings digest,findings digest
3037447589,review unavailable,review unavailable,review unavailable
3038632095,change overview,change overview,change overview
3098152954,change overview,change overview,change overview
3065419827,change overview,change overview,change overview
3072980075,change overview,change overview,change overview
3045741432,change overview,change overview,change overview
3043398058,change overview,change overview,change overview
3054788186,change overview,change overview,change overview
3203205775,change overview,change overview,change overview
3049820926,change overview,change overview,change overview
3046465638,findings digest,findings digest,findings digest
3046881448,change overview,change overview,change overview
3047486436,verification report,change overview,change overview
3048725234,change overview,change overview,change overview
3050508701,change overview,change overview,change overview
3058917429,platform notice,platform notice,platform notice
3059745082,change overview,change overview,change overview
3059871650,change overview,change overview,change overview
3085971858,change overview,change overview,change overview
3381168792,change overview,change overview,change overview
3077754176,platform notice,platform notice,platform notice
3071521969,change overview,change overview,change overview
3070354331,change overview,change overview,change overview
