unit_id,label_a,label_b
2145703675,decision,decision
2231534450,code feedback,code feedback
2103549096,direction to an agent,direction to an agent
2182823591,code feedback,code feedback
2127423274,code feedback,code feedback
2145932001,direction to an agent,direction to an agent
2156533406,code feedback,decision
2101765713,direction to an agent,direction to an agent
2098696688,question,question
2095092096,brief remark,brief remark
2180668156,code feedback,code feedback
2116253554,direction to an agent,direction to an agent
2144137076,brief remark,brief remark
2190952787,code feedback,code feedback
2112999170,decision,brief remark
2169567219,brief remark,brief remark
2132367700,code feedback,decision
2202531014,decision,decision
2173008856,code feedback,code feedback
2172531870,decision,decision
2104855541,question,question
2098032666,code feedback,code feedback
2158251116,direction to an agent,direction to an agent
2101027615,direction to an agent,decision
2140883020,decision,decision
2212006523,code feedback,decision
2207881458,decision,decision
2164897970,brief remark,brief remark
2102947654,brief remark,brief remark
2101553219,decision,decision
2230096379,question,question
2231877853,code feedback,code feedback
2104008125,code feedback,code feedback
2175625650,code feedback,brief remark
2216396463,code feedback,code feedback
2096509755,decision,decision
2179447609,decision,decision
2158099794,question,question
2223708272,decision,code feedback
2168314887,direction to an agent,direction to an agent
2161671646,brief remark,brief remark
2247212329,direction to an agent,direction to an agent
2233627319,direction to an agent,direction to an agent
2234870930,decision,decision
2176628561,decision,decision
2245970312,question,question
2101089673,code feedback,code feedback
2150020817,direction to an agent,code feedback
2100010661,question,decision
2191074335,code feedback,brief remark
